sid,district,name,lat,lon,cap,need,stock,deficit,surplus,zero_share
0,三峽區,三峽中山公園,24.93561,121.36584,15.0,2.3,6.8,0.0,4.1,1.1
1,三峽區,三峽區公所(三峽老街),24.9339,121.36929,33.0,3.1,11.2,0.0,7.6,0.0
2,三峽區,三峽區礁溪行政中心,24.92843,121.37592,20.0,3.9,10.5,0.0,6.0,0.3
3,三峽區,三峽原住民族生活文化園區,24.94565,121.36672,31.0,1.2,13.3,0.0,11.3,0.0
4,三峽區,三峽國中,24.9389,121.369,33.0,12.7,16.0,0.0,0.0,0.1
5,三峽區,三峽國光青年社會住宅,24.93743,121.37686,30.0,6.7,14.2,0.0,6.5,1.7
6,三峽區,三峽國小(中山路),24.93474,121.36779,21.0,1.2,6.5,0.0,4.5,2.1
7,三峽區,三樹大學路口,24.93951,121.37816,24.0,4.5,7.8,0.0,0.0,29.2
8,三峽區,三樹大德路口,24.94163,121.37871,15.0,5.4,6.8,0.0,0.0,3.7
9,三峽區,三鶯國民運動中心,24.93697,121.36858,17.0,4.1,9.4,0.0,4.7,0.3
10,三峽區,三鶯國民運動中心停車場,24.93614,121.36941,32.0,4.1,13.9,0.0,9.2,0.1
11,三峽區,中園國小,24.927563,121.36674,20.0,4.7,8.2,0.0,0.0,2.4
12,三峽區,中園國小(民權街),24.92853,121.36767,19.0,3.2,7.7,0.0,4.1,1.7
13,三峽區,中園街福隆宮,24.92239,121.36717,15.0,2.8,6.6,0.0,3.4,1.6
14,三峽區,中山科學研究院,24.90328,121.35512,14.0,0.4,7.0,0.0,5.0,0.0
15,三峽區,中華愛國路口,24.9327,121.37462,10.0,4.3,5.7,0.0,0.0,3.8
16,三峽區,介壽國小,24.93026,121.37912,26.0,2.3,12.1,0.0,9.5,0.0
17,三峽區,光明停車場,24.93036,121.3741,15.0,2.1,6.4,0.0,4.0,0.3
18,三峽區,光明路69巷口,24.92918,121.37726,17.0,2.0,7.5,0.0,5.2,0.0
19,三峽區,八安大橋(清水街),24.92701,121.36891,10.0,2.8,5.1,0.0,0.0,2.5
20,三峽區,北大高中,24.9492,121.37505,23.0,2.2,7.8,0.0,5.3,1.0
21,三峽區,國光街330巷口,24.93942,121.37212,16.0,5.3,6.9,0.0,0.0,0.7
22,三峽區,國慶三樹路口,24.93826,121.37738,20.0,0.4,2.7,0.0,0.7,70.6
23,三峽區,國慶學成路口,24.94095,121.37397,10.0,4.3,3.7,1.2,0.0,10.5
24,三峽區,國立臺北大學(三峽校區),24.94594,121.3729,63.0,13.5,25.3,0.0,0.0,0.6
25,三峽區,國際二國學街口,24.94319,121.37233,15.0,5.6,6.5,0.0,0.0,9.3
26,三峽區,大同路270巷口,24.92526,121.36551,15.0,2.8,5.6,0.0,0.0,2.4
27,三峽區,大學學成路口,24.94298,121.37521,11.0,6.1,6.5,0.5,0.0,4.9
28,三峽區,大德學勤路口,24.94634,121.37506,15.0,6.6,5.8,1.8,0.0,5.4
29,三峽區,大智中山路口,24.93708,121.36059,20.0,6.0,10.1,0.0,0.0,2.5
30,三峽區,大義三樹路口,24.94357,121.37899,14.0,5.9,6.3,0.5,0.0,6.6
31,三峽區,學勤大觀路口,24.94584,121.3743,15.0,6.0,7.0,0.0,0.0,10.5
32,三峽區,學府大學路口,24.94779,121.3718,18.0,5.4,7.6,0.0,0.0,5.2
33,三峽區,學府大德路口,24.94864,121.37362,12.0,4.9,5.4,0.3,0.0,4.5
34,三峽區,學成大德路口,24.94334,121.37634,19.0,6.9,7.4,0.6,0.0,10.2
35,三峽區,學成大義路口(學成路一),24.94477,121.37803,13.0,4.3,5.7,0.0,0.0,2.3
36,三峽區,安溪國中,24.92638,121.37185,20.0,1.8,6.0,0.0,3.9,21.5
37,三峽區,安溪國小,24.93122,121.37265,27.0,5.5,9.5,0.0,0.0,5.1
38,三峽區,復興民生街口,24.93696,121.3734,32.0,4.7,9.1,0.0,0.0,41.2
39,三峽區,恩主公醫院,24.93891,121.36355,54.0,13.4,20.2,0.0,0.0,0.0
40,三峽區,捷運三峽站,24.93835,121.37656,61.0,0.0,20.0,0.0,18.0,0.0
41,三峽區,捷運橫溪站,24.93759,121.39136,43.0,0.0,12.0,0.0,10.0,0.0
42,三峽區,捷運臺北大學站(1號出口),24.93909,121.36739,47.0,0.0,14.0,0.0,12.0,0.0
43,三峽區,捷運臺北大學站(2號出口),24.93883,121.36712,86.0,0.0,17.0,0.0,15.0,0.0
44,三峽區,捷運長壽山站,24.94495,121.40267,23.0,0.0,8.0,0.0,6.0,0.0
45,三峽區,捷運龍埔站,24.9393,121.38461,72.0,0.0,21.0,0.0,19.0,0.0
46,三峽區,新北市客家文化園區,24.94207,121.36034,20.0,2.5,11.5,0.0,8.7,0.3
47,三峽區,明德高中,24.90742,121.36472,52.0,2.1,15.1,0.0,12.7,0.0
48,三峽區,民族街78巷口,24.93021,121.36986,11.0,2.9,6.0,0.0,2.7,1.0
49,三峽區,海洋公園,24.94776,121.37676,25.0,10.1,8.6,3.0,0.0,0.0
50,三峽區,添福里(添福15號之33),24.90475,121.37254,16.0,0.4,8.7,0.0,6.7,0.1
51,三峽區,溪東市民活動中心,24.93192,121.40753,20.0,0.6,9.7,0.0,7.7,0.7
52,三峽區,臺北大學(音律資訊大樓),24.94278,121.36992,55.0,10.5,21.4,0.0,9.3,0.8
53,三峽區,臺北大學公共事務大樓(公政大道),24.94325,121.37121,23.0,4.9,7.8,0.0,0.0,0.1
54,三峽區,臺北大學公共事務大樓(法商大道),24.94363,121.37212,22.0,2.5,8.6,0.0,5.8,1.1
55,三峽區,臺北大學商學院(尋鳶大道),24.94557,121.37249,11.0,3.2,4.3,0.0,0.0,1.8
56,三峽區,臺北大學商學院(法商大道),24.94499,121.37146,26.0,7.6,8.8,0.0,0.0,0.0
57,三峽區,臺北大學宿舍(學成路),24.94092,121.36856,20.0,7.9,10.3,0.0,0.0,1.3
58,三峽區,臺北大學懷德居木師基地,24.94334,121.36743,14.0,1.1,6.3,0.0,4.3,0.6
59,三峽區,臺北大學法學院(鳶飛大道),24.94438,121.37333,29.0,1.1,8.7,0.0,6.7,0.1
60,三峽區,臺北大學田徑場(體風路),24.9395,121.36433,30.0,4.7,9.4,0.0,4.0,0.8
61,三峽區,臺北大學社科院(公政大道),24.94441,121.3701,25.0,4.0,8.5,0.0,3.9,0.3
62,三峽區,臺北大學社科院(圖資大道),24.94396,121.36912,27.0,0.6,8.8,0.0,6.8,0.1
63,三峽區,臺北大學蓮池,24.94723,121.37117,24.0,3.3,8.7,0.0,4.8,0.7
64,三峽區,臺北大學行政大樓(公政大道),24.94457,121.37037,34.0,3.5,11.2,0.0,7.2,0.0
65,三峽區,臺北大學行政大樓(法商大道),24.94494,121.3712,23.0,5.2,10.0,0.0,0.0,0.0
66,三峽區,臺北大學隆恩哨(忘憂路),24.94254,121.36547,15.0,1.5,8.3,0.0,6.3,0.1
67,三峽區,臺北大學體育館,24.93974,121.36688,22.0,8.5,10.3,0.0,0.0,1.4
68,三峽區,薇多綠雅社區(活動中心),24.90955,121.35727,15.0,0.7,7.7,0.0,5.7,0.1
69,三峽區,薇多綠雅社區(警衛亭),24.90883,121.35816,19.0,2.4,9.8,0.0,7.1,0.6
70,三峽區,長泰街40巷口,24.93234,121.37811,17.0,0.4,8.3,0.0,6.3,0.0
71,三峽區,龍埔三樹路98巷口,24.93989,121.38393,42.0,0.9,13.3,0.0,11.3,0.0
72,三峽區,龍埔介壽路口,24.93513,121.39008,30.0,1.5,9.6,0.0,7.6,0.7
73,三峽區,龍埔公園,24.93841,121.3742,28.0,6.7,12.9,0.0,0.0,1.1
74,三峽區,龍埔國小,24.94104,121.37676,35.0,9.3,16.4,0.0,0.0,0.7
75,三峽區,龍埔自行車道(民生街1巷),24.93455,121.37824,20.0,4.2,9.3,0.0,4.4,0.1
76,三峽區,龍恩公園,24.94135,121.37052,26.0,5.4,9.4,0.0,0.0,3.8
77,三芝區,三生步道,25.26815,121.51005,20.0,0.1,5.1,0.0,3.1,0.0
78,三芝區,三芝兒一公園,25.25719,121.4994,15.0,0.4,6.7,0.0,4.7,0.0
79,三芝區,三芝兒三公園(三民街),25.25874,121.50499,17.0,1.8,7.0,0.0,4.9,1.4
80,三芝區,三芝區公所,25.25788,121.50082,15.0,0.5,5.8,0.0,3.8,0.0
81,三芝區,三芝國中,25.25898,121.50182,14.0,0.5,6.1,0.0,4.1,0.6
82,三芝區,櫻花水車公園,25.25119,121.50125,15.0,0.4,5.2,0.0,3.2,0.0
83,三芝區,淺水灣,25.25232,121.47131,48.0,0.6,8.9,0.0,6.9,0.1
84,三芝區,馬偕醫學大學(圓環),25.25438,121.49571,20.0,0.3,9.9,0.0,7.9,0.0
85,三芝區,馬偕醫學大學(第二教研大樓),25.25303,121.49559,26.0,0.2,9.9,0.0,7.9,0.0
86,三重區,三信集英路口,25.08563,121.48748,13.0,5.8,5.4,1.2,0.0,21.0
87,三重區,三光國小(金滿意),25.05596,121.49687,45.0,18.5,27.2,0.0,0.0,2.5
88,三重區,三和國中(自強路三段110巷),25.0748,121.48694,22.0,5.1,9.5,0.0,0.0,0.3
89,三重區,三和慈愛街口,25.07814,121.48417,11.0,4.3,4.7,0.3,0.0,24.3
90,三重區,三和路四段73號旁,25.07513,121.48977,15.0,2.2,6.9,0.0,4.3,1.1
91,三重區,三和龍門路口,25.0718,121.4949,18.0,5.1,7.7,0.0,0.0,2.0
92,三重區,三張公園,25.07051,121.49094,45.0,13.8,18.3,0.0,0.0,7.9
93,三重區,三張地下停車場,25.07054,121.48981,22.0,6.7,9.9,0.0,0.0,7.8
94,三重區,三德公園,25.075005,121.50077,36.0,15.6,16.6,1.4,0.0,16.5
95,三重區,三重五常公園,25.08065,121.49615,32.0,11.5,13.2,0.0,0.0,13.4
96,三重區,三重區停八停車場,25.05365,121.47621,17.0,4.6,7.5,0.0,0.0,4.1
97,三重區,三重商工,25.06868,121.48071,77.0,7.0,14.3,0.0,6.3,0.0
98,三重區,三重商工(後竹圍街),25.07031,121.47976,30.0,4.3,11.2,0.0,6.2,1.8
99,三重區,三重商工地下停車場,25.06966,121.48352,64.0,6.3,14.4,0.0,7.2,2.7
100,三重區,三重國民運動中心,25.05439,121.48849,38.0,7.8,11.6,0.0,0.0,6.4
101,三重區,三重忠孝公園,25.06325,121.47932,28.0,9.1,13.0,0.0,0.0,2.7
102,三重區,三重棒球場,25.0613,121.4815,25.0,10.2,11.2,0.6,0.0,12.1
103,三重區,三重永豐公園,25.07463,121.47816,31.0,25.6,25.1,4.3,0.0,28.0
104,三重區,三重派出所,25.06395,121.5023,15.0,4.2,6.5,0.0,0.0,1.7
105,三重區,三重環河陸橋,25.08149,121.49943,16.0,5.8,7.1,0.0,0.0,23.0
106,三重區,三重社會福利服務中心,25.07781,121.49128,11.0,6.1,5.3,1.6,0.0,35.0
107,三重區,三重綜合體育館,25.06145,121.49193,52.0,2.0,12.7,0.0,10.4,0.0
108,三重區,三重行政中心,25.06057,121.48823,59.0,2.2,13.4,0.0,10.8,0.0
109,三重區,三重親水公園,25.09114,121.49039,18.0,1.9,8.3,0.0,6.1,0.3
110,三重區,三重重陽公園,25.05753,121.48367,15.0,5.3,5.8,0.2,0.0,20.8
111,三重區,三重高中,25.05478,121.49171,48.0,14.4,18.1,0.0,0.0,0.3
112,三重區,中正北路193巷(愛買三重店),25.07136,121.47599,37.0,1.0,9.7,0.0,7.7,0.3
113,三重區,中正北路25巷(交響院社區),25.06318,121.49185,40.0,8.1,11.9,0.0,0.0,10.0
114,三重區,中正北重陽路口,25.06417,121.48736,12.0,4.0,5.0,0.0,0.0,11.7
115,三重區,中興北街175巷口,25.05595,121.4696,36.0,3.8,9.6,0.0,5.2,0.0
116,三重區,中興北街42巷17弄,25.05006,121.46892,28.0,6.6,7.9,0.0,0.0,1.7
117,三重區,中興橋(環河南路254巷口),25.05052,121.49138,26.0,4.3,11.3,0.0,6.3,0.8
118,三重區,二重國中,25.06596,121.48047,38.0,4.8,9.0,0.0,0.0,2.8
119,三重區,二重國小,25.06598,121.47766,43.0,7.9,14.3,0.0,0.0,2.5
120,三重區,二重埔市民活動中心,25.06622,121.47492,30.0,3.5,12.3,0.0,8.2,0.1
121,三重區,五福里(五華街),25.08173,121.4939,39.0,17.4,20.7,0.0,0.0,14.4
122,三重區,仁信段平面停車場,25.07914,121.49629,12.0,5.2,6.5,0.0,0.0,17.7
123,三重區,仁信段平面停車場(元信一街),25.07791,121.49692,30.0,5.5,12.4,0.0,6.0,6.6
124,三重區,仁愛仁和街口,25.07354,121.49569,15.0,4.9,4.6,1.1,0.0,34.0
125,三重區,仁愛仁政街145巷口,25.07949,121.49219,18.0,8.2,7.6,1.9,0.0,42.1
126,三重區,仁愛街112巷,25.07486,121.49488,26.0,6.0,9.7,0.0,0.0,12.4
127,三重區,仁愛街422巷口,25.08153,121.49026,17.0,9.5,7.8,3.1,0.0,19.6
128,三重區,仁愛街458巷口,25.08211,121.49015,23.0,8.7,9.9,0.2,0.0,16.8
129,三重區,仁美街/三和路四段145巷口,25.07872,121.48636,12.0,4.2,3.4,1.5,0.0,49.0
130,三重區,仁義街26巷,25.0774,121.49811,17.0,6.5,7.3,0.1,0.0,16.4
131,三重區,仁義街37巷元富一街口,25.07785,121.5003,40.0,11.6,17.6,0.0,0.0,10.2
132,三重區,信義公園,25.0648,121.49875,32.0,5.6,13.2,0.0,6.7,1.7
133,三重區,修德國小,25.0653,121.49045,34.0,12.8,15.2,0.0,0.0,9.0
134,三重區,修德國小(重陽路三段),25.0662,121.48895,22.0,10.2,7.8,3.9,0.0,14.0
135,三重區,元信二仁愛街口,25.07709,121.49417,20.0,5.1,8.1,0.0,0.0,13.4
136,三重區,元富一街/仁義街79巷口,25.08006,121.49955,15.0,7.2,8.6,0.0,0.0,22.5
137,三重區,先嗇宮,25.05119,121.47601,30.0,4.1,9.6,0.0,4.9,0.8
138,三重區,光復中興北街175巷口(西北側),25.05676,121.47205,18.0,3.6,7.1,0.0,0.0,0.6
139,三重區,光復興德路口(東南側),25.05251,121.4721,18.0,3.5,5.0,0.0,0.0,1.3
140,三重區,光復路一段15巷口,25.04751,121.47213,17.0,7.6,6.6,2.2,0.0,16.1
141,三重區,光復路一段99巷口,25.05109,121.47209,18.0,3.5,4.3,0.0,0.0,3.8
142,三重區,光復路二段42巷口,25.05452,121.47203,18.0,4.7,5.5,0.0,0.0,1.3
143,三重區,光明市場,25.05734,121.49181,27.0,4.6,17.1,0.0,11.7,0.1
144,三重區,光榮國中(秀江街),25.07221,121.49994,20.0,9.0,9.4,0.9,0.0,22.7
145,三重區,光興國小,25.06027,121.49978,30.0,2.9,6.5,0.0,3.1,2.5
146,三重區,六合公園,25.0695,121.48759,44.0,18.2,22.3,0.0,0.0,11.6
147,三重區,六張公園,25.06966,121.49405,42.0,12.3,16.7,0.0,0.0,9.5
148,三重區,力行地下停車場,25.07787,121.48287,20.0,4.5,8.2,0.0,0.0,4.4
149,三重區,力行大勇街口,25.07193,121.48151,33.0,13.3,16.1,0.0,0.0,6.8
150,三重區,力行路二段91巷口,25.07583,121.48255,13.0,4.0,4.9,0.0,0.0,16.8
151,三重區,厚德公園,25.07199,121.4912,41.0,9.2,15.6,0.0,0.0,5.2
152,三重區,同安公園,25.05732,121.49907,38.0,10.4,17.6,0.0,0.0,2.7
153,三重區,和平公園,25.07088,121.48571,20.0,10.0,10.1,1.5,0.0,11.9
154,三重區,國道車路頭街口,25.07307,121.48424,20.0,9.9,10.4,1.0,0.0,5.4
155,三重區,國隆大仁街口,25.06468,121.492,17.0,10.9,8.9,3.6,0.0,23.3
156,三重區,大智公園,25.06361,121.49445,30.0,12.9,13.3,1.6,0.0,16.9
157,三重區,太陽公園,25.08645,121.4856,44.0,14.7,20.6,0.0,0.0,7.1
158,三重區,後竹圍市民活動中心,25.07246,121.48576,45.0,14.6,17.7,0.0,0.0,8.6
159,三重區,德厚公園,25.04883,121.47809,15.0,7.0,9.4,0.0,0.0,6.6
160,三重區,慈化公園,25.08461,121.48864,16.0,2.6,8.2,0.0,5.3,0.3
161,三重區,慈愛公園,25.08119,121.48461,23.0,9.3,9.0,1.7,0.0,16.1
162,三重區,捷運三和國中站(1號出口),25.07588,121.4878,95.0,14.8,35.0,0.0,18.0,0.0
163,三重區,捷運三和國中站(2號出口),25.07703,121.48635,17.0,16.0,13.6,4.9,0.0,6.9
164,三重區,捷運三重國小站,25.07042,121.49713,52.0,41.9,43.7,4.5,0.0,0.0
165,三重區,捷運三重站(1號出口),25.05464,121.48322,61.0,23.4,25.8,1.1,0.0,0.0
166,三重區,捷運三重站(3號出口),25.05588,121.48474,33.0,25.0,22.1,6.6,0.0,0.3
167,三重區,捷運先嗇宮站(2號出口),25.04607,121.47099,64.0,18.8,22.7,0.0,0.0,5.8
168,三重區,捷運菜寮站(3號出口),25.06047,121.4922,60.0,32.1,26.5,10.4,0.0,0.1
169,三重區,文中小停車場,25.05899,121.48255,44.0,17.5,18.9,1.2,0.0,14.8
170,三重區,新北大道一段57巷口,25.06121,121.48537,15.0,0.1,6.7,0.0,4.7,0.0
171,三重區,新北大道二段139巷,25.05981,121.46662,11.0,1.2,4.5,0.0,2.5,1.7
172,三重區,新北市立圖書館三重分館,25.0661,121.49553,45.0,7.6,11.6,0.0,0.0,21.8
173,三重區,新北高中,25.08723,121.48953,88.0,7.1,18.1,0.0,10.0,0.0
174,三重區,明志國中,25.0634,121.48898,57.0,10.3,16.6,0.0,0.0,0.0
175,三重區,東海高中,25.06484,121.47942,31.0,3.8,4.9,0.0,0.0,0.8
176,三重區,格致中學,25.07403,121.48907,24.0,11.0,7.3,5.4,0.0,4.0
177,三重區,正義公園,25.06855,121.49782,48.0,6.0,12.2,0.0,5.3,6.6
178,三重區,正義國小地下停車場,25.06492,121.49491,13.0,4.0,3.9,0.7,0.0,29.5
179,三重區,水漾成功一街口,25.05004,121.48557,32.0,10.3,14.0,0.0,0.0,12.1
180,三重區,永德市民活動中心,25.07285,121.48842,20.0,4.5,7.1,0.0,0.0,9.7
181,三重區,永盛公園,25.07613,121.4843,45.0,18.2,18.3,2.6,0.0,0.1
182,三重區,永福國小,25.07771,121.48032,33.0,15.5,22.7,0.0,0.0,7.5
183,三重區,永福國小(永福街72巷),25.07657,121.47985,31.0,14.0,17.1,0.0,0.0,27.7
184,三重區,河邊北街100巷口,25.07043,121.50404,20.0,6.0,10.1,0.0,0.0,13.3
185,三重區,溪尾街(國道橋下),25.07486,121.49151,15.0,4.3,6.6,0.0,0.0,6.6
186,三重區,溪尾街196巷/仁美街口,25.0802,121.48587,18.0,9.2,5.8,4.8,0.0,41.7
187,三重區,環河福德南路口,25.06029,121.50217,28.0,2.3,8.7,0.0,6.0,8.1
188,三重區,疏洪東竹圍仔街口,25.04861,121.4864,25.0,8.2,14.1,0.0,0.0,2.7
189,三重區,碧華公園,25.08374,121.48749,36.0,9.2,16.1,0.0,0.0,3.5
190,三重區,碧華公園(集勇街),25.08415,121.48554,36.0,15.4,17.0,0.8,0.0,20.3
191,三重區,碧華國中(三賢街),25.08861,121.48832,30.0,3.7,10.1,0.0,5.8,0.0
192,三重區,神農興德路口(恆美社區),25.05333,121.47427,40.0,5.4,14.2,0.0,7.9,1.8
193,三重區,神農街/光復路二段129巷口,25.05899,121.47409,26.0,2.0,7.2,0.0,4.9,2.1
194,三重區,穀保家商,25.0681,121.47103,33.0,4.1,6.8,0.0,0.0,0.0
195,三重區,簡仔舍街(河家歡社區),25.05138,121.48652,40.0,16.8,21.6,0.0,0.0,9.0
196,三重區,群光公園,25.05604,121.47404,15.0,3.7,5.2,0.0,0.0,1.1
197,三重區,翔譽雙子星,25.05364,121.49292,36.0,14.2,16.0,0.4,0.0,5.4
198,三重區,聯邦公園,25.06445,121.48371,54.0,17.8,23.2,0.0,0.0,7.9
199,三重區,自強溪尾街口,25.07822,121.49016,52.0,19.2,21.8,0.3,0.0,21.2
200,三重區,自強臨時平面停車場,25.08229,121.49515,21.0,9.5,10.7,0.2,0.0,17.7
201,三重區,自然公園,25.08984,121.48799,36.0,2.9,13.3,0.0,10.0,3.8
202,三重區,興德路134號(前),25.05287,121.47102,20.0,4.4,4.9,0.1,0.0,0.3
203,三重區,興穀國小,25.04937,121.47421,35.0,5.7,10.4,0.0,0.0,3.5
204,三重區,興華公園,25.06013,121.4831,45.0,14.1,14.1,2.1,0.0,55.8
205,三重區,藍天大樓,25.0531,121.47017,30.0,8.5,5.7,4.1,0.0,0.1
206,三重區,谷王公園,25.05283,121.47718,18.0,6.9,10.3,0.0,0.0,6.1
207,三重區,進安公園,25.08603,121.49377,33.0,15.7,18.5,0.0,0.0,5.4
208,三重區,重新橋第1市民活動中心,25.05355,121.48563,15.0,5.0,5.4,0.3,0.0,6.4
209,三重區,重新路五段(心天匯社區),25.04468,121.46815,40.0,1.1,4.9,0.0,2.9,7.9
210,三重區,重新重安街口,25.05844,121.48975,35.0,5.7,6.7,0.0,0.0,0.6
211,三重區,重陽國小,25.0662,121.48488,61.0,12.1,26.3,0.0,12.3,0.7
212,三重區,重陽橋市民活動中心,25.08634,121.49602,15.0,3.8,8.9,0.0,4.6,0.4
213,三重區,長榮龍濱路口,25.06908,121.50238,19.0,6.7,8.3,0.0,0.0,27.1
214,三重區,開元市民活動中心,25.06607,121.50356,36.0,11.4,16.4,0.0,0.0,4.9
215,三重區,集成成功路口,25.05154,121.48821,35.0,9.5,14.3,0.0,0.0,6.9
216,三重區,集美街58巷口(東北側),25.055,121.48833,16.0,6.1,8.4,0.0,0.0,3.7
217,三重區,集賢三信路口(南側),25.08861,121.49187,17.0,1.9,4.6,0.0,2.3,0.3
218,三重區,頂崁公園,25.05493,121.4756,24.0,5.0,10.3,0.0,4.5,3.5
219,三重區,頂崁街210巷28弄口,25.06803,121.47586,15.0,4.7,6.5,0.0,0.0,6.5
220,三重區,龍濱公園,25.07298,121.50218,14.0,9.3,5.6,5.2,0.0,22.5
221,三重區,龍門公園,25.07482,121.49848,48.0,18.4,18.3,2.9,0.0,27.4
222,三重區,龍門龍濱路口,25.07348,121.50098,30.0,4.8,6.2,0.0,0.0,61.3
223,中和區,中原中板路口,25.01169,121.48521,18.0,1.2,6.3,0.0,4.3,0.3
224,中和區,中原五街口,25.01086,121.48603,20.0,2.9,10.4,0.0,7.0,0.3
225,中和區,中原抽水站,25.00985,121.48968,15.0,1.6,7.3,0.0,5.3,0.8
226,中和區,中原東街(左岸牡丹園),25.01297,121.48601,51.0,9.8,24.4,0.0,13.1,0.3
227,中和區,中和公園,25.00073,121.51435,57.0,7.5,15.5,0.0,6.9,3.0
228,中和區,中和公園(安平中安街口),24.99856,121.51258,40.0,12.8,15.7,0.0,0.0,15.7
229,中和區,中和公園(秀安街口),25.00218,121.51498,15.0,3.6,6.7,0.0,0.0,4.0
230,中和區,中和區公所,24.99856,121.50053,32.0,12.2,15.5,0.0,0.0,9.2
231,中和區,中和國民運動中心,24.99348,121.48758,64.0,5.8,13.9,0.0,7.3,0.6
232,中和區,中和地政事務所,24.99039,121.5024,28.0,15.1,16.3,1.1,0.0,12.0
233,中和區,中和安和路口,24.99966,121.50602,44.0,7.3,13.9,0.0,0.0,1.1
234,中和區,中和慈惠堂,24.98153,121.47964,15.0,0.0,6.5,0.0,4.5,0.0
235,中和區,中和環球購物中心,25.00637,121.47422,38.0,11.2,16.5,0.0,0.0,8.1
236,中和區,中和福美公園,25.00606,121.50265,40.0,5.2,11.8,0.0,5.8,2.3
237,中和區,中和自強公園,24.99886,121.47238,39.0,9.6,13.1,0.0,0.0,0.1
238,中和區,中和青年社會住宅,24.99099,121.51918,57.0,21.5,26.4,0.0,0.0,10.7
239,中和區,中坑公園,24.98515,121.48294,13.0,1.7,5.9,0.0,3.9,1.7
240,中和區,中山橋安街口,25.00274,121.49253,12.0,9.1,5.3,5.2,0.0,1.1
241,中和區,中正路161巷口,24.99299,121.49935,56.0,22.4,24.7,1.1,0.0,21.6
242,中和區,中興公園,24.98805,121.50061,17.0,3.0,7.3,0.0,3.9,2.3
243,中和區,中興街180巷口,24.99098,121.49985,18.0,13.6,11.3,4.4,0.0,26.1
244,中和區,佳和公園,25.00694,121.5032,27.0,7.5,12.7,0.0,0.0,5.2
245,中和區,佳和公園(中山路二段64巷5弄),25.00435,121.50186,26.0,9.0,11.8,0.0,0.0,7.1
246,中和區,佳和公園(中山路二段64巷7弄),25.00492,121.50358,15.0,7.7,8.0,0.9,0.0,8.6
247,中和區,元氣大鎮社區,25.00572,121.479,29.0,13.6,18.0,0.0,0.0,3.0
248,中和區,光之公園,25.01184,121.48667,21.0,4.4,11.0,0.0,6.0,0.4
249,中和區,光寶科技中和數位大樓,25.00214,121.48761,40.0,11.6,13.6,0.0,0.0,0.6
250,中和區,光華橋(保平路),25.00467,121.50779,31.0,4.7,11.8,0.0,6.4,4.1
251,中和區,南華路56巷,24.99706,121.50431,16.0,9.3,9.1,1.6,0.0,13.3
252,中和區,台灣科技公園,24.99855,121.49115,30.0,12.7,8.9,5.8,0.0,0.0
253,中和區,台灣科技廣場,25.00572,121.48906,70.0,3.6,25.1,0.0,21.0,0.0
254,中和區,台灣電力公司中和服務所,24.99149,121.50683,17.0,3.4,6.0,0.0,0.0,1.4
255,中和區,和城停車場,24.99404,121.48917,15.0,2.1,4.8,0.0,2.4,5.5
256,中和區,員勝公園,25.0109,121.4786,47.0,7.2,18.0,0.0,9.7,1.0
257,中和區,員山市場臨時平面停車場,25.00676,121.48063,27.0,2.0,9.9,0.0,7.6,0.3
258,中和區,員山路36巷口,24.9908,121.48211,19.0,1.2,9.9,0.0,7.9,0.0
259,中和區,嘉穗公園,24.99566,121.4784,10.0,0.7,4.5,0.0,2.5,2.0
260,中和區,國光街圓環小公園,25.00135,121.46987,16.0,7.8,5.1,3.8,0.0,20.6
261,中和區,圓通綠廊,24.9945,121.49711,13.0,6.9,6.1,1.8,0.0,21.8
262,中和區,圓通路335巷33弄,24.98899,121.49303,26.0,10.4,10.8,1.1,0.0,16.4
263,中和區,圓通路369巷口,24.98852,121.48737,18.0,1.7,7.5,0.0,5.5,0.6
264,中和區,圓通錦和路口,24.98955,121.49125,54.0,9.1,17.9,0.0,0.0,4.0
265,中和區,壽德新村,24.99548,121.46536,18.0,12.6,8.8,5.8,0.0,15.5
266,中和區,大仁街20巷口,24.9934,121.52008,33.0,13.5,18.1,0.0,0.0,6.2
267,中和區,大勇立人街口,24.99397,121.5175,18.0,6.8,8.9,0.0,0.0,7.8
268,中和區,安和安樂路口,24.99344,121.51196,15.0,1.0,5.9,0.0,3.9,3.1
269,中和區,安平橋,24.99474,121.50936,27.0,10.3,12.9,0.0,0.0,9.0
270,中和區,安樂宜安路口,24.99527,121.51351,35.0,5.7,13.0,0.0,6.4,1.4
271,中和區,安邦公園,24.99678,121.49651,53.0,21.9,27.8,0.0,0.0,8.5
272,中和區,安邦段青年社會住宅,24.9989,121.49542,40.0,11.4,16.6,0.0,0.0,6.4
273,中和區,審計人員訓練大樓,24.98184,121.50956,10.0,5.5,3.1,3.3,0.0,39.4
274,中和區,山北公園,25.00653,121.50014,32.0,10.9,17.1,0.0,0.0,4.9
275,中和區,建二建三路口,25.00369,121.4868,20.0,2.3,7.3,0.0,4.7,0.0
276,中和區,建六中正路口,25.00223,121.48526,12.0,6.7,3.8,3.9,0.0,2.4
277,中和區,德光國光街口,25.00314,121.46809,39.0,26.4,24.2,6.2,0.0,13.0
278,中和區,德光莒光路口,25.0047,121.47178,30.0,3.5,6.3,0.0,0.0,55.6
279,中和區,捷運中原站,25.00765,121.48486,99.0,8.1,26.6,0.0,17.4,0.0
280,中和區,捷運中和站,25.00221,121.49587,36.0,26.6,22.7,7.9,0.0,2.8
281,中和區,捷運南勢角站(4號出口),24.98942,121.50998,96.0,20.3,16.1,7.2,0.0,0.0
282,中和區,捷運景安站,24.99352,121.50472,96.0,8.2,27.0,0.0,17.6,0.1
283,中和區,捷運景平站,24.99202,121.51563,51.0,8.2,18.9,0.0,9.4,0.3
284,中和區,捷運景平站(景平路278巷口),24.99244,121.51513,23.0,5.5,6.7,0.0,0.0,6.8
285,中和區,捷運橋和站,25.00381,121.49082,62.0,24.6,33.3,0.0,0.0,1.8
286,中和區,捷運永安市場站,25.00049,121.51111,99.0,3.6,20.4,0.0,16.3,0.0
287,中和區,捷運秀朗橋站,24.99045,121.52496,77.0,2.6,14.5,0.0,11.5,0.0
288,中和區,新北市立中和高級中學,24.99424,121.4786,42.0,5.2,11.4,0.0,5.4,0.1
289,中和區,新生街112巷口(欽禾社區),25.00273,121.48345,40.0,16.5,23.2,0.0,0.0,4.7
290,中和區,景安板南路口,24.99228,121.50424,39.0,4.2,7.5,0.0,0.0,13.4
291,中和區,景平橋和路口,25.00672,121.49479,15.0,0.0,0.0,0.0,0.0,100.0
292,中和區,景新國小,24.98893,121.5148,14.0,7.0,4.8,3.3,0.0,25.7
293,中和區,景新立體停車場,24.98985,121.51301,12.0,4.8,6.4,0.0,0.0,9.6
294,中和區,景本里集會所,24.98933,121.51326,15.0,7.1,6.6,1.5,0.0,25.0
295,中和區,板南立言街口,25.00655,121.48791,50.0,2.7,17.1,0.0,14.0,0.0
296,中和區,板南路492號,25.00754,121.48582,29.0,0.6,6.1,0.0,4.1,1.3
297,中和區,民享藝文特區,25.00354,121.47529,50.0,22.1,26.0,0.0,0.0,11.3
298,中和區,民德立體停車場,24.99909,121.46836,32.0,18.5,20.3,1.0,0.0,19.1
299,中和區,民德路口,25.00203,121.46885,15.0,7.7,4.6,4.2,0.0,32.8
300,中和區,民有公園,25.00863,121.47468,48.0,12.5,21.8,0.0,0.0,2.5
301,中和區,民樂人行廣場,25.00184,121.48265,42.0,10.8,23.4,0.0,10.9,1.4
302,中和區,民樂停車場,25.00134,121.48391,20.0,7.0,10.5,0.0,0.0,1.4
303,中和區,水之公園,25.013,121.48411,18.0,3.3,8.8,0.0,5.1,0.3
304,中和區,水源路29巷/光華街口,25.00414,121.50429,11.0,5.7,5.1,1.5,0.0,14.1
305,中和區,漳和國中,25.00244,121.50505,65.0,5.1,13.4,0.0,7.6,0.1
306,中和區,烘爐地山下籃球場,24.9798,121.4987,14.0,1.8,6.1,0.0,4.0,0.7
307,中和區,環河西路三段(日安社區),25.00774,121.49321,32.0,7.3,17.4,0.0,9.0,0.6
308,中和區,瓦?溝(福真里),25.00402,121.49439,41.0,7.3,23.6,0.0,15.2,0.4
309,中和區,瓦磘溝(福真里),25.00402,121.49439,41.0,3.3,19.7,0.0,15.9,1.0
310,中和區,碧河宮,24.99665,121.49314,46.0,2.7,8.8,0.0,5.7,2.5
311,中和區,碧河里公園(建康路),25.00013,121.49171,16.0,8.8,5.3,4.8,0.0,3.0
312,中和區,福和宮,25.00111,121.50195,57.0,4.6,12.5,0.0,7.2,0.0
313,中和區,福祥永和路口,25.00365,121.49938,11.0,4.8,4.4,1.1,0.0,10.5
314,中和區,福祥里(中和溝),25.00593,121.49957,39.0,14.8,22.7,0.0,0.0,1.8
315,中和區,秀山公園(北側),24.99592,121.52327,14.0,8.2,6.7,2.7,0.0,11.9
316,中和區,秀山國小,24.99612,121.52192,70.0,15.7,34.4,0.0,16.3,2.5
317,中和區,秀朗成功路口,24.9956,121.52655,51.0,23.1,28.9,0.0,0.0,8.2
318,中和區,秀朗路三段10巷12弄,24.99719,121.52567,17.0,8.7,9.0,1.1,0.0,10.3
319,中和區,積穗國中,24.99977,121.47808,33.0,10.2,14.9,0.0,0.0,3.1
320,中和區,興南路二段231巷口,24.98229,121.5035,19.0,9.1,11.4,0.0,0.0,10.0
321,中和區,興南路二段34巷口,24.98539,121.50701,32.0,17.8,13.1,7.3,0.0,21.3
322,中和區,莒光德光路口,25.00429,121.47223,15.0,5.6,3.8,2.7,0.0,27.1
323,中和區,莒光華安街口,24.99467,121.46876,17.0,3.9,8.5,0.0,4.0,6.1
324,中和區,莒光路136巷口,25.00133,121.47261,15.0,6.5,5.2,2.3,0.0,24.4
325,中和區,華夏科技大學,24.98067,121.50765,58.0,34.8,41.8,0.0,0.0,2.7
326,中和區,華夏科技大學(華新街),24.98247,121.50785,16.0,11.5,7.3,6.0,0.0,13.3
327,中和區,華新街109巷11弄,24.97996,121.50873,53.0,24.2,34.5,0.0,0.0,1.7
328,中和區,華新街143巷,24.97942,121.50632,15.0,8.5,7.9,1.9,0.0,13.6
329,中和區,華福公園,24.99728,121.46529,16.0,8.5,6.6,3.2,0.0,25.7
330,中和區,華福市民活動中心,24.99548,121.46753,36.0,13.1,15.5,0.0,0.0,5.8
331,中和區,連城路469巷21弄,24.99508,121.48432,12.0,5.4,6.9,0.0,0.0,6.5
332,中和區,遠東世紀廣場C棟,24.99853,121.48645,26.0,11.7,6.7,6.7,0.0,4.0
333,中和區,遠雄左岸,25.00983,121.48808,50.0,4.0,20.3,0.0,15.7,0.0
334,中和區,錦和運動公園,24.99213,121.49073,64.0,6.4,17.7,0.0,10.4,0.0
335,中和區,錦和高中,24.99351,121.49076,28.0,8.3,9.0,0.5,0.0,0.0
336,中和區,雙和醫院,24.99367,121.49411,37.0,3.6,9.7,0.0,5.5,0.0
337,中和區,雙和醫院(圓通路252巷口),24.99092,121.49373,36.0,6.3,10.6,0.0,0.0,6.2
338,中和區,飛駝二村,24.9836,121.51138,11.0,8.1,5.9,3.3,0.0,34.6
339,中和區,飛駝社區(興南路),24.98347,121.50483,40.0,27.7,23.1,8.8,0.0,16.0
340,五股區,中興路二段37巷口,25.0754,121.4624,20.0,1.7,9.4,0.0,7.4,0.3
341,五股區,五工二五工一路口(泰博科技),25.07155,121.45362,20.0,7.0,6.0,2.1,0.0,0.3
342,五股區,五工五五權路口,25.0665,121.4497,18.0,13.9,5.7,10.4,0.0,0.4
343,五股區,五股國民運動中心,25.09537,121.44832,22.0,2.0,10.0,0.0,7.8,0.0
344,五股區,五股工商立體停車場,25.08245,121.43955,22.0,10.7,12.1,0.2,0.0,0.7
345,五股區,五股戶政事務所,25.09155,121.44561,30.0,1.6,9.5,0.0,7.5,13.6
346,五股區,五股環保藝術公園(芳洲路),25.08425,121.44308,18.0,0.9,7.4,0.0,5.4,0.6
347,五股區,五股郵局,25.10165,121.45098,30.0,1.8,13.0,0.0,10.9,0.0
348,五股區,公五公園,25.08655,121.44529,39.0,3.8,15.0,0.0,10.7,0.3
349,五股區,凌雲路一段158巷口,25.10356,121.44818,20.0,2.7,6.8,0.0,3.7,7.9
350,五股區,台北得意GO,25.07429,121.46769,20.0,4.1,9.8,0.0,5.0,1.7
351,五股區,御史路1巷,25.0904,121.442,20.0,2.3,7.9,0.0,5.2,2.5
352,五股區,德泰公園,25.06812,121.43505,13.0,0.0,0.0,0.0,0.0,100.0
353,五股區,德音國小,25.07198,121.43564,20.0,1.7,7.9,0.0,5.9,1.0
354,五股區,成功運動公園,25.09283,121.44472,14.0,2.0,5.7,0.0,3.5,2.5
355,五股區,成州停車場,25.10013,121.44836,18.0,2.0,7.7,0.0,5.4,1.3
356,五股區,成州國小,25.09952,121.4509,20.0,0.9,8.2,0.0,6.2,0.0
357,五股區,成州派出所,25.09155,121.44785,49.0,0.5,13.2,0.0,11.2,0.0
358,五股區,成德公園,25.10484,121.45282,20.0,1.6,9.3,0.0,7.3,0.4
359,五股區,成泰路4段22巷,25.1083,121.456,42.0,2.0,11.5,0.0,9.2,0.4
360,五股區,成泰路一段(中油),25.07785,121.43555,20.0,3.0,8.6,0.0,5.1,2.0
361,五股區,新五路二段299號,25.08707,121.44361,26.0,0.6,7.9,0.0,5.9,0.8
362,五股區,新北市勞工活動中心,25.0615,121.451,35.0,13.9,8.3,7.7,0.0,0.3
363,五股區,新北市工商展覽中心,25.06433,121.44761,30.0,13.3,10.8,4.6,0.0,0.0
364,五股區,新北市立圖書館五股成功分館,25.09472,121.44685,15.0,0.7,6.8,0.0,4.8,0.0
365,五股區,新城一路(守讓堂),25.08373,121.4407,15.0,0.5,5.6,0.0,3.6,0.3
366,五股區,民義公園,25.08819,121.434746,20.0,2.4,9.5,0.0,6.7,1.6
367,五股區,永安橋下停車場,25.07978,121.44905,14.0,0.1,7.0,0.0,5.0,0.0
368,五股區,獅子頭山水匯集廣場,25.11171,121.45769,25.0,1.4,8.7,0.0,6.7,0.0
369,五股區,芳洲八路,25.0888,121.44631,20.0,1.9,7.1,0.0,5.0,2.7
370,五股區,貿商國宅,25.06939,121.43068,23.0,4.0,11.8,0.0,7.2,1.8
371,五股區,陸光國宅,25.08832,121.43232,20.0,1.3,11.2,0.0,9.2,0.0
372,八里區,下庄市場,25.14678,121.3999,20.0,2.7,7.3,0.0,4.3,1.0
373,八里區,中山賢一街口,25.15916,121.42144,17.0,0.7,6.1,0.0,4.1,0.3
374,八里區,八里中庄市場綜合大樓,25.15993,121.41407,28.0,1.9,9.7,0.0,7.6,0.0
375,八里區,八里停五平面停車場,25.15779,121.41758,30.0,1.0,7.6,0.0,5.6,0.1
376,八里區,八里區民活動中心,25.14933,121.40126,14.0,1.1,5.6,0.0,3.6,0.8
377,八里區,八里國小,25.14896,121.4026,15.0,1.4,7.2,0.0,5.2,0.0
378,八里區,八里左岸自行車道(4.4K福德宮),25.14315,121.44789,15.0,1.6,5.2,0.0,3.2,1.3
379,八里區,八里文化公園(棒球場),25.16359,121.41251,60.0,1.4,15.5,0.0,13.5,0.0
380,八里區,八里文昌五街,25.15592,121.41342,16.0,0.1,7.4,0.0,5.4,0.0
381,八里區,八里福朋喜來登酒店,25.15922,121.42945,30.0,1.7,8.6,0.0,6.6,0.1
382,八里區,八里行政中心,25.15397,121.40721,20.0,0.8,7.1,0.0,5.1,0.6
383,八里區,十三行博物館,25.157,121.406,46.0,1.4,8.5,0.0,6.5,0.0
384,八里區,商港一十三行路口,25.15483,121.40558,30.0,0.7,7.7,0.0,5.7,0.0
385,八里區,商港三頂罟二路口,25.15333,121.40168,25.0,2.1,8.9,0.0,6.4,0.6
386,八里區,商港公園(商港七商港一路口),25.14916,121.39841,15.0,1.4,6.6,0.0,4.6,0.4
387,八里區,商港公園(商港八商港一路口),25.15039,121.40026,15.0,0.6,6.0,0.0,4.0,0.3
388,八里區,商港六商港三路口,25.14968,121.39589,15.0,0.3,5.9,0.0,3.9,0.0
389,八里區,大崁國小,25.16064,121.41938,20.0,1.0,7.4,0.0,5.4,0.0
390,八里區,挖仔尾自然生態保留區,25.16419,121.41586,15.0,1.3,6.4,0.0,4.4,0.0
391,八里區,文昌公園,25.15709,121.41033,15.0,1.5,6.3,0.0,4.3,0.3
392,八里區,水興公,25.16208,121.42509,15.0,2.1,6.0,0.0,3.6,0.3
393,八里區,渡船頭平面停車場,25.15687,121.43527,33.0,0.3,9.0,0.0,7.0,0.0
394,八里區,片仔溝公園,25.1502,121.40581,20.0,1.0,7.1,0.0,5.1,0.0
395,八里區,狀元公園,25.1545,121.41036,20.0,0.6,7.3,0.0,5.3,0.1
396,八里區,訊塘廣場(義民中華路口),25.14256,121.39564,21.0,0.2,6.4,0.0,4.4,1.0
397,八里區,訊塘社區公園,25.1455,121.39609,13.0,1.2,5.5,0.0,3.5,0.6
398,八里區,訊庄埔公園,25.14244,121.39222,15.0,0.4,4.8,0.0,2.8,0.3
399,八里區,頂罟公園,25.1533,121.40413,15.0,1.4,5.7,0.0,3.7,0.4
400,八里區,龍形停車場,25.13041,121.4513,40.0,2.0,12.9,0.0,10.6,0.0
401,八里區,龍米河濱公園,25.14455,121.44684,20.0,0.0,10.3,0.0,8.3,0.0
402,八里區,龍米路二段205巷口,25.1585,121.43231,22.0,1.2,7.2,0.0,5.2,0.0
403,土城區,中央中華路口(金城),24.96875,121.43808,16.0,0.8,5.1,0.0,3.1,3.8
404,土城區,中央公園(莊園街),24.98205,121.44565,33.0,12.0,13.4,0.4,0.0,11.2
405,土城區,中央公園地下停車場,24.98276,121.44478,15.0,3.1,4.9,0.0,0.0,8.6
406,土城區,中央慶利街口(風華綠中央社區),24.97338,121.44052,22.0,4.9,4.1,1.5,0.0,17.7
407,土城區,中央路一段292巷口,24.98279,121.44383,53.0,13.5,22.0,0.0,0.0,8.3
408,土城區,中央路三段281巷,24.96314,121.42679,24.0,6.1,6.6,0.4,0.0,10.5
409,土城區,中央路二段180巷,24.97616,121.44162,15.0,7.7,3.9,5.0,0.0,30.2
410,土城區,中央路四段33號北側,24.96222,121.42329,15.0,1.7,7.5,0.0,5.5,0.3
411,土城區,中山1號科技總部,24.960447,121.412125,42.0,17.6,7.5,12.7,0.0,0.6
412,土城區,中山三民路口(土城工業區),24.96287,121.42122,40.0,7.0,18.9,0.0,10.8,1.4
413,土城區,中華中央路一段242巷口,24.98551,121.44348,38.0,14.1,16.3,0.0,0.0,11.6
414,土城區,中華城林路口,24.97525,121.43883,30.0,5.5,6.7,0.0,0.0,9.6
415,土城區,中華日新街口,24.98756,121.44463,10.0,4.3,5.6,0.0,0.0,0.4
416,土城區,中華裕華街口,24.99003,121.4472,13.0,3.4,3.2,0.7,0.0,12.0
417,土城區,中華路一段70巷口,24.98825,121.4454,12.0,2.6,4.9,0.0,0.0,0.4
418,土城區,亞洲員安路口,24.97256,121.43485,38.0,8.7,21.9,0.0,11.9,0.0
419,土城區,和平路105號,24.96847,121.45129,10.0,0.5,4.3,0.0,2.3,0.3
420,土城區,員和公園,24.978918,121.44275,34.0,5.5,5.5,0.8,0.0,17.7
421,土城區,員林平面停車場,24.97681,121.44437,9.0,3.6,2.7,1.4,0.0,29.0
422,土城區,員林社區公園,24.97784,121.44328,50.0,12.2,18.3,0.0,0.0,10.0
423,土城區,土城仁愛社區公園,24.98071,121.46035,39.0,12.3,15.4,0.0,0.0,18.2
424,土城區,土城區公所,24.9719,121.44316,28.0,2.7,7.4,0.0,4.4,1.8
425,土城區,土城國中,24.96243,121.43037,50.0,7.9,28.9,0.0,19.8,0.3
426,土城區,土城國中(永安街115巷),24.96316,121.42894,39.0,6.6,15.9,0.0,8.3,0.1
427,土城區,土城國小(興城路),24.97267,121.44149,17.0,3.7,5.4,0.0,0.0,7.6
428,土城區,土城紫藤廊道(學海街),24.97923,121.44836,25.0,12.9,9.4,5.5,0.0,15.7
429,土城區,土城綜合球場,24.97872,121.4542,30.0,4.1,8.4,0.0,3.7,5.9
430,土城區,土城綜合體育場,24.984095,121.4538,56.0,10.8,10.3,2.2,0.0,17.8
431,土城區,大安中央路口,24.96576,121.43264,27.0,4.5,11.0,0.0,5.9,0.1
432,土城區,大安市民活動中心,24.96595,121.43935,25.0,3.1,8.0,0.0,4.4,0.0
433,土城區,學士學府路口(大苑社區),24.97696,121.4458,47.0,17.2,18.1,1.7,0.0,11.7
434,土城區,學士龍山二街口(金城舞2社區),24.97991,121.45049,31.0,18.0,12.3,8.5,0.0,26.4
435,土城區,學府中正路口(A+社區),24.97551,121.44534,40.0,5.6,10.4,0.0,0.0,6.2
436,土城區,學成公園,24.98803,121.45151,42.0,9.0,11.2,0.0,0.0,21.3
437,土城區,廣福國小,24.98713,121.45506,20.0,12.2,8.1,6.0,0.0,26.4
438,土城區,廣福派出所,24.98816,121.45655,43.0,14.7,11.2,5.7,0.0,38.8
439,土城區,延吉街111巷1弄,24.98623,121.47171,18.0,5.1,6.3,0.0,0.0,13.1
440,土城區,延吉街291巷口,24.98394,121.46716,10.0,4.7,4.2,1.2,0.0,15.3
441,土城區,延吉街47巷口,24.98795,121.47236,10.0,4.6,4.7,0.6,0.0,12.1
442,土城區,延和廣場,24.98704,121.46415,19.0,7.9,6.2,3.0,0.0,29.5
443,土城區,延和社區公園,24.99018,121.46882,40.0,17.4,15.0,5.0,0.0,0.4
444,土城區,惜福公園,24.98144,121.44815,20.0,7.6,7.6,1.2,0.0,16.7
445,土城區,承天路4巷(MRT社區),24.964,121.43617,40.0,1.3,22.1,0.0,20.1,0.0
446,土城區,捷運土城站(1號出口),24.97314,121.44418,10.0,3.1,6.5,0.0,2.9,1.6
447,土城區,捷運土城站(2號出口),24.9728,121.44395,69.0,32.7,34.0,3.7,0.0,0.3
448,土城區,捷運土城站(3號出口),24.9739,121.44527,33.0,1.2,9.6,0.0,7.6,0.0
449,土城區,捷運媽祖田站,24.95381,121.41185,35.0,2.4,8.5,0.0,5.7,1.0
450,土城區,捷運永寧站(2號出口),24.96613,121.43554,47.0,3.2,13.0,0.0,9.4,0.0
451,土城區,捷運永寧站(3號出口),24.96711,121.43688,23.0,4.6,5.7,0.0,0.0,11.0
452,土城區,捷運永寧站(4號出口),24.96744,121.43677,12.0,4.4,5.1,0.0,0.0,5.1
453,土城區,捷運海山站(1號出口),24.98441,121.44855,80.0,20.0,23.2,0.0,0.0,0.1
454,土城區,捷運海山站(2號出口),24.98457,121.44875,32.0,31.7,24.5,11.9,0.0,0.3
455,土城區,捷運海山站(3號出口),24.98677,121.44935,40.0,17.2,9.9,9.9,0.0,3.5
456,土城區,捷運海山站(3號出口)轉乘停車場,24.98639,121.44911,80.0,27.7,20.7,11.1,0.0,0.6
457,土城區,捷運頂埔站(2號出口),24.95852,121.4178,66.0,4.1,26.1,0.0,21.4,0.0
458,土城區,捷運頂埔站(3號出口),24.95996,121.42,64.0,0.0,11.0,0.0,9.0,0.0
459,土城區,捷運頂埔站(福田路),24.95852,121.4178,66.0,28.9,29.0,4.3,0.0,0.4
460,土城區,斬龍山遺址文化公園,24.97666,121.4477,64.0,5.4,11.5,0.0,5.2,0.6
461,土城區,新北高工,24.98344,121.45054,57.0,7.6,7.8,1.0,0.0,1.4
462,土城區,新北高工(學士路),24.98216,121.45277,28.0,15.7,11.2,6.9,0.0,24.9
463,土城區,新北高工(明德路),24.98112,121.4515,18.0,10.3,5.7,6.2,0.0,35.6
464,土城區,新洲擺接堡路口,24.97781,121.43742,28.0,0.2,9.4,0.0,7.4,0.0
465,土城區,日和中華路口,24.98402,121.44283,21.0,6.3,6.4,0.9,0.0,10.5
466,土城區,明德平面停車場,24.98403,121.46628,10.0,2.4,3.2,0.0,0.0,12.7
467,土城區,明德青和街口,24.97738,121.45754,31.0,5.3,7.8,0.0,0.0,10.2
468,土城區,永豐路157巷口,24.98171,121.46709,21.0,2.1,8.6,0.0,6.1,0.1
469,土城區,沛陂社區公園,24.963263,121.4197,28.0,16.3,15.7,3.0,0.0,6.1
470,土城區,清和里(青雲路),24.97513,121.45874,37.0,9.1,19.0,0.0,8.5,2.3
471,土城區,清水社區公園,24.98382,121.46353,42.0,17.2,22.9,0.0,0.0,11.0
472,土城區,清水高中,24.982,121.46547,46.0,6.2,11.8,0.0,0.0,0.0
473,土城區,清水高中(國際路),24.98034,121.46498,13.0,4.1,4.4,0.3,0.0,2.4
474,土城區,立德青雲路口,24.9883,121.46102,40.0,10.7,12.0,0.3,0.0,22.5
475,土城區,莊園街(金城舞5社區),24.981312,121.44792,40.0,11.9,11.1,2.6,0.0,16.2
476,土城區,莒光四村停車場,24.98716,121.44639,12.0,3.7,3.7,0.6,0.0,8.2
477,土城區,華南頂埔科技大樓,24.96046,121.41716,40.0,4.5,11.9,0.0,6.7,0.3
478,土城區,裕民路55巷,24.9886,121.44948,17.0,6.2,6.0,1.1,0.0,27.0
479,土城區,裕民路口(清水路),24.98157,121.45616,34.0,10.0,10.6,0.9,0.0,28.1
480,土城區,裕生停車場,24.9846,121.44687,15.0,4.8,4.5,1.0,0.0,16.4
481,土城區,裕華街,24.9905,121.44643,15.0,5.3,4.4,1.7,0.0,24.2
482,土城區,金城?廷街口,24.98814,121.46864,9.0,2.1,2.2,0.0,0.0,14.7
483,土城區,金城峯廷街口,24.98814,121.46864,9.0,1.9,2.9,0.0,0.0,11.4
484,土城區,金城忠義路口,24.9691,121.44024,40.0,4.2,14.5,0.0,9.7,0.0
485,土城區,金城明德路口(東北側),24.98078,121.45311,18.0,0.1,6.3,0.0,4.3,0.1
486,土城區,金城立德路口,24.98689,121.46602,47.0,12.1,12.9,1.0,0.0,25.4
487,土城區,金城立體停車場,24.98367,121.45795,60.0,13.6,19.9,0.0,0.0,2.3
488,土城區,金城裕民路口(中正國中),24.98288,121.45619,54.0,7.1,6.9,1.2,0.0,7.8
489,土城區,金城裕民路口(金城舞社區),24.98156,121.45466,40.0,13.8,13.1,2.8,0.0,30.1
490,土城區,金城路三段156號前,24.98728,121.46708,15.0,5.6,3.4,3.0,0.0,28.7
491,土城區,金城路三段52巷,24.98635,121.46609,16.0,4.7,5.7,0.0,0.0,1.4
492,土城區,金城路二段61巷口(聯邦銀行),24.97886,121.45077,40.0,5.8,11.5,0.0,0.0,5.1
493,土城區,金城龍山二街口,24.97881,121.45096,20.0,0.0,0.0,0.0,0.0,100.0
494,土城區,長風社區,24.97811,121.43937,30.0,7.8,8.3,0.7,0.0,16.1
495,土城區,雲溪廣場(青雲路183巷),24.9827,121.45961,15.0,1.6,3.3,0.0,1.3,8.9
496,土城區,青山廣場,24.97793,121.45987,42.0,17.4,14.8,5.2,0.0,19.6
497,土城區,青隆青福街口,24.97974,121.45665,20.0,6.6,8.7,0.0,0.0,15.4
498,土城區,青雲路411巷口(樂晴市樂郡區社區),24.97582,121.45911,39.0,8.3,12.3,0.0,0.0,11.3
499,土城區,青雲路434巷口,24.97193,121.45915,18.0,3.9,8.8,0.0,4.4,4.1
500,土城區,青雲路451巷口(紐約艾美社區),24.97475,121.45873,41.0,2.5,11.4,0.0,8.6,2.8
501,土城區,頂埔國小,24.95636,121.4144,40.0,5.4,8.5,0.0,0.0,12.7
502,土城區,頂埔市場,24.95816,121.41504,29.0,8.8,6.9,3.3,0.0,15.8
503,土城區,頂新公園,24.95397,121.41425,21.0,8.4,5.5,4.2,0.0,22.5
504,土城區,頂新祖田市民活動中心,24.95319,121.41211,43.0,7.6,11.5,0.0,0.0,32.5
505,坪林區,國中碇坪路二段口,24.93666,121.71259,19.0,0.3,8.5,0.0,6.5,0.0
506,坪林區,坪林旅遊服務中心,24.93522,121.70528,22.0,0.8,7.5,0.0,5.5,0.7
507,坪林區,坪林茶業博物館,24.93475,121.71254,20.0,0.2,5.7,0.0,3.7,0.7
508,坪林區,水柳腳立體停車場,24.93555,121.71021,23.0,0.2,7.4,0.0,5.4,0.0
509,平溪區,十分遊客中心,25.04711,121.78279,42.0,0.1,6.3,0.0,4.3,2.5
510,平溪區,嶺腳車站,25.03005,121.74788,30.0,0.0,5.3,0.0,3.3,2.7
511,平溪區,平溪國中,25.02348,121.73422,55.0,0.1,6.0,0.0,4.0,2.5
512,平溪區,平溪市民活動中心,25.02484,121.7372,20.0,0.2,6.4,0.0,4.4,22.9
513,平溪區,菁桐老街,25.02398,121.72448,27.0,0.4,6.9,0.0,4.9,3.7
514,新店區,三民地下停車場,24.97097,121.53718,24.0,6.1,5.5,1.5,0.0,19.4
515,新店區,中印青潭廠,24.95446,121.55947,25.0,1.1,9.4,0.0,7.4,0.4
516,新店區,中央新村(中央三街),24.9764,121.52488,23.0,7.3,11.9,0.0,0.0,7.8
517,新店區,中央陸橋(中央一街),24.97371,121.52736,16.0,2.5,6.7,0.0,3.8,2.4
518,新店區,中山路31巷(波爾多2社區),24.9803,121.52478,40.0,21.2,14.9,9.5,0.0,6.9
519,新店區,中正國小,24.9714,121.53646,36.0,16.2,9.6,9.0,0.0,11.4
520,新店區,中正民權路口,24.98263,121.5336,92.0,30.1,20.4,14.1,0.0,0.0
521,新店區,中正路144巷口,24.97148,121.5419,15.0,3.1,3.9,0.0,0.0,23.2
522,新店區,中正路284巷,24.9747,121.53842,29.0,12.9,8.6,6.2,0.0,14.4
523,新店區,中正路399巷口,24.9771,121.53455,22.0,6.4,7.4,0.0,0.0,10.2
524,新店區,中興中正路口,24.96991,121.54617,30.0,13.9,13.7,2.2,0.0,8.2
525,新店區,中興寶慶街口,24.98694,121.54195,49.0,15.1,19.4,0.0,0.0,2.7
526,新店區,中興寶橋路口,24.97618,121.54687,61.0,6.0,7.0,0.0,0.0,1.4
527,新店區,中興文化路口(東南側),24.98037,121.5445,19.0,3.2,3.5,0.1,0.0,21.2
528,新店區,中興檳榔路口,24.96337,121.54185,13.0,2.2,1.8,0.0,0.0,34.6
529,新店區,中興路2段100巷口,24.97136,121.5475,21.0,6.8,7.7,0.1,0.0,8.1
530,新店區,中華郵政五城郵局,24.94483,121.47917,15.0,0.1,6.8,0.0,4.8,0.0
531,新店區,中華郵政玫瑰城郵局,24.94702,121.49674,16.0,1.9,10.1,0.0,7.9,1.1
532,新店區,五峰國中,24.96601,121.54311,34.0,4.5,10.8,0.0,5.7,1.4
533,新店區,光明街,24.96316,121.54009,27.0,9.0,10.7,0.0,0.0,10.6
534,新店區,北城生活廣場(富貴街),24.94888,121.49409,11.0,0.4,4.5,0.0,2.5,1.3
535,新店區,北新國小,24.97423,121.54443,49.0,8.4,7.8,1.9,0.0,4.2
536,新店區,北新新生街口,24.96561,121.54061,12.0,3.5,4.6,0.0,0.0,12.0
537,新店區,北新路二段228巷口,24.97775,121.54284,12.0,2.5,2.4,0.0,0.0,16.8
538,新店區,十四張?文路口,24.98055,121.52978,15.0,2.5,4.8,0.0,0.0,8.6
539,新店區,十四張啓文路口,24.98055,121.52978,15.0,1.3,4.7,0.0,2.7,5.2
540,新店區,十四張央北二路口(波爾多社區),24.98285,121.52635,40.0,9.6,8.0,3.0,0.0,16.4
541,新店區,十四張歷史公園(北側),24.9798,121.52689,24.0,7.6,8.6,0.2,0.0,11.9
542,新店區,十四張歷史公園(南側),24.979,121.52844,20.0,7.1,8.2,0.0,0.0,17.4
543,新店區,十四張歷史建築園區(文記街),24.98065,121.52792,49.0,13.3,15.0,0.2,0.0,12.4
544,新店區,博愛中正路口,24.97282,121.54072,31.0,0.2,12.3,0.0,10.3,0.0
545,新店區,台北慈濟醫院,24.9859,121.537,40.0,10.7,11.1,1.2,0.0,0.0
546,新店區,台灣科技總部,24.97344,121.54905,11.0,5.5,6.1,0.3,0.0,2.1
547,新店區,吉安停車場,24.96623,121.51635,14.0,2.1,4.6,0.0,2.1,8.3
548,新店區,啟文央北二路口(中央公園社區),24.97976,121.52935,40.0,15.2,20.6,0.0,0.0,9.5
549,新店區,國家人權博物館,24.98835,121.53198,15.0,1.5,5.3,0.0,3.3,0.1
550,新店區,大豐公園停車場,24.97875,121.53587,15.0,9.7,4.6,6.5,0.0,27.0
551,新店區,大豐里(建國路),24.97991,121.53799,13.0,4.0,3.3,1.2,0.0,29.0
552,新店區,大鵬華城,24.99116,121.53398,31.0,16.5,13.5,5.4,0.0,7.2
553,新店區,天山公園(永安街),24.98652,121.51753,30.0,11.9,19.5,0.0,0.0,1.4
554,新店區,央北三中央路口(全陽大璽),24.97878,121.53339,73.0,13.9,18.0,0.0,0.0,4.5
555,新店區,央北二月記街口,24.97763,121.53008,22.0,4.9,6.2,0.0,0.0,9.6
556,新店區,央北新村平面停車場,24.97752,121.52737,49.0,19.6,22.1,0.5,0.0,4.9
557,新店區,央北社會住宅,24.98263,121.52643,64.0,21.8,21.4,3.7,0.0,14.1
558,新店區,安光公園,24.96423,121.51446,32.0,4.8,9.7,0.0,4.2,12.7
559,新店區,安和公園,24.97411,121.51885,44.0,8.8,20.0,0.0,9.9,3.4
560,新店區,安和市民活動中心,24.97532,121.51569,25.0,6.8,9.6,0.0,0.0,19.6
561,新店區,安和碧安街口,24.96696,121.51776,20.0,1.5,7.2,0.0,5.2,0.3
562,新店區,安和路二段117巷口,24.97029,121.51883,17.0,3.7,8.2,0.0,4.0,2.3
563,新店區,安居公教住宅,24.9595,121.51293,24.0,5.0,8.5,0.0,0.0,12.4
564,新店區,安康立體停車場,24.96261,121.51267,30.0,6.1,13.1,0.0,6.0,3.8
565,新店區,安康高中,24.96927,121.51521,75.0,8.0,13.8,0.0,0.0,0.7
566,新店區,安德停車場,24.96039,121.50882,12.0,3.2,4.9,0.0,0.0,12.0
567,新店區,安成安德街口,24.96115,121.50999,29.0,6.8,11.4,0.0,0.0,8.6
568,新店區,安民街35巷口,24.96484,121.51564,13.0,3.6,6.8,0.0,0.0,8.8
569,新店區,安民街停車場,24.97077,121.51686,16.0,2.8,3.6,0.0,0.0,20.6
570,新店區,安興祥和路口,24.97666,121.51546,15.0,2.5,5.4,0.0,2.6,10.9
571,新店區,安華公園,24.97374,121.53538,22.0,12.0,8.9,4.9,0.0,8.9
572,新店區,寶中寶橋路口,24.97862,121.55028,17.0,6.9,4.8,3.2,0.0,1.6
573,新店區,寶中路97巷口,24.98047,121.54878,13.0,10.2,7.8,3.9,0.0,3.7
574,新店區,寶強文化路口,24.97914,121.54351,11.0,2.7,2.1,0.0,0.0,17.2
575,新店區,寶橋路235巷,24.98278,121.55102,32.0,10.5,7.2,4.9,0.0,0.0
576,新店區,寶橋路235巷口,24.97955,121.55234,44.0,8.2,6.2,3.3,0.0,0.7
577,新店區,寶橋路29巷,24.97492,121.54389,10.0,4.8,3.8,1.8,0.0,16.9
578,新店區,寶橋路78巷,24.97368,121.5476,44.0,13.1,16.6,0.0,0.0,3.2
579,新店區,寶高智慧產業園區,24.9775,121.551,35.0,14.0,10.1,6.0,0.0,0.6
580,新店區,寶高路120巷口,24.97622,121.55433,14.0,6.6,7.2,0.4,0.0,22.6
581,新店區,小金門友誼公園,24.97699,121.53791,60.0,13.0,16.0,0.0,0.0,3.2
582,新店區,屈尺景觀公園,24.91988,121.54668,16.0,0.1,6.1,0.0,4.1,0.0
583,新店區,崇光女中,24.97156,121.53904,39.0,7.1,14.1,0.0,0.0,0.1
584,新店區,廣興河濱公園,24.91255,121.53739,16.0,0.1,6.8,0.0,4.8,0.0
585,新店區,建國民權路口,24.98318,121.53746,32.0,10.0,4.4,7.1,0.0,4.1
586,新店區,忠誠里(北新路2段97巷),24.97427,121.54278,40.0,7.1,7.7,0.5,0.0,6.8
587,新店區,惠國市場,24.97042,121.54338,36.0,6.4,9.0,0.0,0.0,6.2
588,新店區,捷運七張站(1號出口),24.974997,121.54277,42.0,17.3,18.4,1.5,0.0,5.4
589,新店區,捷運十四張站,24.983818,121.52833,95.0,16.7,14.8,4.4,0.0,5.5
590,新店區,捷運大坪林站(1號出口),24.9828,121.541,47.0,12.5,9.8,4.5,0.0,4.0
591,新店區,捷運大坪林站(5號出口),24.98288,121.54376,92.0,32.3,26.3,10.8,0.0,13.7
592,新店區,捷運小碧潭站(1號出口),24.97152,121.53029,29.0,2.0,5.0,0.0,2.7,6.2
593,新店區,捷運新店區公所站(1號出口),24.96737,121.54101,42.0,16.0,13.1,5.2,0.0,0.1
594,新店區,捷運新店站,24.95861,121.53866,55.0,8.2,22.7,0.0,13.3,0.4
595,新店區,文山國中,24.95521,121.53937,25.0,5.3,15.6,0.0,9.6,0.7
596,新店區,新北市立圖書館新店分館,24.98214,121.5409,35.0,5.5,6.2,0.2,0.0,1.8
597,新店區,新北捷運環狀線南機廠,24.98343,121.52891,21.0,4.3,4.1,0.9,0.0,31.5
598,新店區,新和活動中心,24.98677,121.52183,37.0,8.1,21.7,0.0,12.4,0.3
599,新店區,新和街32巷口,24.9847,121.5192,17.0,3.4,10.5,0.0,6.7,1.1
600,新店區,新安永安街94巷口,24.98446,121.52034,20.0,5.5,14.2,0.0,7.9,1.1
601,新店區,新安永安街口,24.98542,121.52138,20.0,9.5,9.3,1.6,0.0,8.5
602,新店區,新店公有中央市場,24.97531,121.52729,42.0,9.5,16.4,0.0,0.0,3.4
603,新店區,新店新和國小,24.98498,121.51768,36.0,5.6,24.9,0.0,18.5,0.0
604,新店區,新店行政園區,24.96757,121.54205,93.0,5.2,20.2,0.0,14.3,0.0
605,新店區,新店高中,24.97418,121.53421,47.0,14.6,17.0,0.0,0.0,5.9
606,新店區,新店高中(中央路),24.97508,121.53103,85.0,12.7,15.0,0.0,0.0,0.3
607,新店區,明德路65巷口,24.9767,121.54145,15.0,4.7,5.1,0.3,0.0,36.6
608,新店區,柴埕市民活動中心,24.96678,121.51648,30.0,3.6,9.4,0.0,5.3,2.7
609,新店區,民權二十張路口,24.98291,121.53966,14.0,3.1,3.5,0.1,0.0,4.0
610,新店區,民生路156巷,24.98202,121.52751,31.0,12.2,12.2,1.8,0.0,13.1
611,新店區,永平休閒廣場,24.98432,121.5161,15.0,5.0,8.7,0.0,0.0,2.1
612,新店區,永平街23巷,24.98316,121.51604,18.0,3.9,12.2,0.0,7.7,0.6
613,新店區,溪洲原住民族生活文化園區Cinemnemay,24.96826,121.52834,21.0,2.7,10.4,0.0,7.2,1.7
614,新店區,直潭活動中心,24.93893,121.53329,15.0,0.0,6.8,0.0,4.8,0.0
615,新店區,直潭淨水廠(直潭二街),24.9431,121.53536,15.0,0.0,5.2,0.0,3.2,0.0
616,新店區,碧潭大橋(溪洲路6巷),24.96061,121.53426,12.0,1.3,6.1,0.0,4.1,0.4
617,新店區,碧潭渡船頭,24.9531,121.53746,26.0,3.6,11.9,0.0,7.8,0.3
618,新店區,碧潭西岸,24.95656,121.5348,37.0,2.7,8.9,0.0,5.9,0.8
619,新店區,福民市民活動中心,24.97293,121.53305,15.0,5.4,4.3,1.9,0.0,31.4
620,新店區,綠湖公園,24.97756,121.54751,44.0,3.2,8.5,0.0,4.8,6.1
621,新店區,綠湖公園地下停車場,24.97956,121.54613,27.0,2.9,7.7,0.0,4.3,2.4
622,新店區,胡璉故居紀念館,24.96171,121.52763,10.0,1.5,4.3,0.0,2.3,6.1
623,新店區,輕軌台北小城站(北側),24.95351,121.49833,14.0,0.2,5.1,0.0,3.1,0.0
624,新店區,輕軌台北小城站(南側),24.95312,121.49816,15.0,0.2,6.5,0.0,4.5,0.0
625,新店區,輕軌安康站,24.96525,121.51717,21.0,3.2,7.1,0.0,3.3,1.6
626,新店區,輕軌新和國小站,24.98338,121.5183,23.0,5.5,11.7,0.0,5.4,0.4
627,新店區,輕軌景文科大站,24.95474,121.50964,27.0,1.2,10.3,0.0,8.3,0.8
628,新店區,輕軌玫瑰中國城站,24.95101,121.49418,30.0,1.2,12.2,0.0,10.2,0.0
629,新店區,輕軌耕莘安康院區站,24.95453,121.50368,29.0,0.4,7.8,0.0,5.8,0.0
630,新店區,輕軌陽光運動公園站,24.97193,121.51928,20.0,1.8,8.7,0.0,6.7,0.0
631,新店區,輕軌雙城站,24.94679,121.48985,21.0,0.6,10.6,0.0,8.6,1.6
632,新店區,陽光Park社區,24.9794,121.51555,21.0,3.5,15.7,0.0,11.7,0.0
633,新店區,陽光橋,24.97924,121.52477,76.0,27.6,33.3,0.0,0.0,4.1
634,新店區,雙城公園(安康路),24.95176,121.49035,13.0,0.6,5.4,0.0,3.4,0.7
635,新店區,雙城國小,24.95186,121.48628,15.0,0.2,5.5,0.0,3.5,0.0
636,新店區,青潭國小,24.9531,121.55181,27.0,2.1,10.2,0.0,7.7,0.8
637,新店區,青潭河濱公園,24.95091,121.5474,20.0,0.7,4.7,0.0,2.7,4.7
638,新店區,順德街(御中央3社區),24.9789,121.53,36.0,13.6,16.2,0.0,0.0,9.5
639,新店區,龜山活動中心,24.90303,121.55224,8.0,0.1,3.1,0.0,1.1,0.7
640,新莊區,中信國小,25.05572,121.44954,58.0,23.2,24.0,2.6,0.0,16.4
641,新莊區,中央昌仁路口,25.05895,121.45355,14.0,6.4,3.5,3.9,0.0,9.2
642,新莊區,中平中榮街口,25.05307,121.44464,17.0,8.1,9.9,0.0,0.0,0.3
643,新莊區,中平國中,25.05426,121.44394,50.0,3.0,7.6,0.0,4.2,0.4
644,新莊區,中正仁愛街口,25.03452,121.44462,48.0,13.1,16.1,0.0,0.0,15.0
645,新莊區,中正思源路口(東北側),25.03938,121.46103,45.0,1.3,4.8,0.0,2.8,0.6
646,新莊區,中正思源路口(西南側),25.03821,121.4595,46.0,1.9,9.4,0.0,7.1,1.3
647,新莊區,中正新雅巷口,25.02594,121.41769,48.0,14.0,19.7,0.0,0.0,12.1
648,新莊區,中正路347巷口,25.03403,121.44718,13.0,7.7,5.9,2.9,0.0,24.7
649,新莊區,中正路883巷口,25.02491,121.41682,14.0,7.4,4.9,3.6,0.0,25.6
650,新莊區,中正雙鳳路口,25.0272,121.41803,16.0,7.4,9.6,0.0,0.0,14.3
651,新莊區,中港國小,25.04563,121.44783,58.0,24.9,26.3,2.3,0.0,8.6
652,新莊區,中港大排願景館,25.05894,121.45165,57.0,2.3,4.6,0.0,0.0,7.3
653,新莊區,中港平面停車場,25.04485,121.45271,21.0,7.4,4.2,4.2,0.0,21.2
654,新莊區,中興中正路口(泰坤建設),25.03564,121.44933,50.0,8.4,12.3,0.0,0.0,8.3
655,新莊區,中華中原路口,25.05423,121.45178,64.0,32.6,44.8,0.0,0.0,8.9
656,新莊區,中華自治街口,25.04775,121.4533,46.0,13.2,15.8,0.0,0.0,17.1
657,新莊區,中華里(中華路二段),25.04619,121.45367,48.0,12.2,13.1,1.0,0.0,13.0
658,新莊區,中誠立體停車場,25.04757,121.45137,10.0,8.8,5.8,4.3,0.0,29.1
659,新莊區,丹鳳國小,25.0246,121.41336,15.0,5.0,5.7,0.0,0.0,15.7
660,新莊區,丹鳳派出所,25.02769,121.41466,23.0,14.3,13.9,2.5,0.0,21.8
661,新莊區,五工路68巷口,25.062943,121.45884,25.0,4.3,4.9,0.0,0.0,9.3
662,新莊區,五權一五工三路口,25.06593,121.45797,20.0,2.4,7.1,0.0,4.3,0.4
663,新莊區,伊吉邦社區,25.03019,121.4134,40.0,16.7,15.9,3.3,0.0,25.1
664,新莊區,光華東帝士,25.0108,121.42784,40.0,8.0,20.0,0.0,10.9,0.7
665,新莊區,八德立體停車場,25.02271,121.42532,14.0,4.6,3.7,1.7,0.0,31.6
666,新莊區,化成公園,25.04786,121.4616,30.0,3.4,5.2,0.0,0.0,4.9
667,新莊區,台北醫院(民樂街),25.04267,121.45788,11.0,6.9,6.0,1.9,0.0,26.6
668,新莊區,台水新莊服務所,25.04152,121.46019,36.0,1.6,3.5,0.0,1.5,4.2
669,新莊區,台電台北西區營業處,25.04765,121.4656,13.0,5.3,4.4,1.6,0.0,1.8
670,新莊區,四維公園,25.0213,121.42221,27.0,15.3,17.6,0.0,0.0,14.7
671,新莊區,國家電影及視聽文化中心,25.05605,121.44769,20.0,4.7,5.1,0.3,0.0,17.8
672,新莊區,國泰國小,25.03398,121.44186,14.0,3.2,6.8,0.0,3.1,3.4
673,新莊區,塭仔圳十米園道(幸福路口),25.04972,121.44247,35.0,8.2,15.7,0.0,0.0,2.7
674,新莊區,塭仔圳十米園道(新莊歐洲村),25.05186,121.44247,35.0,5.3,12.2,0.0,6.1,3.5
675,新莊區,塭仔底濕地公園,25.05635,121.45438,25.0,9.4,11.6,0.0,0.0,6.8
676,新莊區,塭仔底濕地公園(中華路),25.05645,121.45222,24.0,4.9,7.8,0.0,0.0,8.3
677,新莊區,大眾廟,25.0374,121.458,28.0,5.0,8.8,0.0,0.0,4.2
678,新莊區,天祥街31巷口(雍玥社區),25.0286,121.41754,40.0,1.4,16.4,0.0,14.4,0.6
679,新莊區,宏匯廣場,25.05931,121.44908,51.0,5.8,4.8,1.9,0.0,1.4
680,新莊區,宏匯思源廣場,25.05745,121.45905,30.0,0.9,4.3,0.0,2.3,2.8
681,新莊區,幸福中環路口,25.04903,121.44289,12.0,3.8,4.7,0.0,0.0,3.2
682,新莊區,幸福路678巷口,25.0492,121.45063,13.0,6.2,5.6,1.6,0.0,40.0
683,新莊區,幸福路753巷口,25.04914,121.44834,19.0,5.4,4.6,1.7,0.0,22.0
684,新莊區,廣停一機車停車場,25.06209,121.45766,15.0,4.7,4.6,0.8,0.0,12.4
685,新莊區,建中街90巷口,25.03659,121.4469,12.0,6.7,3.7,4.0,0.0,34.9
686,新莊區,建國一路平面停車場,25.02394,121.43491,18.0,4.6,5.2,0.1,0.0,0.6
687,新莊區,建福公園,25.02769,121.42669,33.0,12.6,17.5,0.0,0.0,8.3
688,新莊區,後港公園,25.02536,121.42835,35.0,17.1,21.7,0.0,0.0,11.6
689,新莊區,復興化成路口,25.04457,121.46453,15.0,4.6,5.0,0.2,0.0,0.6
690,新莊區,思源中原東路口(東南側),25.05369,121.4601,35.0,1.4,9.2,0.0,7.2,1.6
691,新莊區,思源路192巷口,25.04823,121.4601,23.0,4.5,5.5,0.0,0.0,15.8
692,新莊區,思源路593巷口,25.05954,121.45962,16.0,3.7,3.8,0.5,0.0,3.7
693,新莊區,思賢公園(北側),25.04792,121.45672,18.0,8.6,7.6,2.2,0.0,18.6
694,新莊區,思賢國小,25.04629,121.4577,65.0,21.6,27.4,0.0,0.0,18.2
695,新莊區,思賢國小(自由街),25.04551,121.45587,21.0,10.5,9.4,2.6,0.0,24.2
696,新莊區,捷運丹鳳站(1號出口),25.02903,121.4228,54.0,25.6,25.9,3.5,0.0,0.3
697,新莊區,捷運幸福站,25.04988,121.46018,58.0,20.7,20.5,3.2,0.0,3.0
698,新莊區,捷運幸福站(2號出口),25.04955,121.46028,35.0,11.7,11.5,1.9,0.0,7.2
699,新莊區,捷運新北產業園區站,25.06203,121.45918,70.0,31.0,25.1,10.5,0.0,7.5
700,新莊區,捷運新莊副都心站,25.05914,121.4466,43.0,23.7,23.3,3.9,0.0,0.3
701,新莊區,捷運新莊站(1號出口),25.03641,121.45204,69.0,30.1,25.7,9.0,0.0,0.1
702,新莊區,捷運新莊站(2號出口),25.03607,121.45278,54.0,26.7,21.4,9.4,0.0,0.3
703,新莊區,捷運輔大站(1號出口),25.03285,121.43548,31.0,11.8,12.1,1.5,0.0,7.6
704,新莊區,捷運輔大站(4號出口),25.03304,121.43666,52.0,9.6,20.6,0.0,9.6,1.3
705,新莊區,捷運迴龍站(2號出口),25.0211,121.411,11.0,8.0,8.4,0.7,0.0,3.2
706,新莊區,捷運迴龍站(3號出口),25.02276,121.41305,70.0,30.6,33.1,2.0,0.0,0.0
707,新莊區,捷運頭前庄站(1號出口),25.03953,121.4608,90.0,20.9,34.0,0.0,0.0,0.0
708,新莊區,文中三平面停車場,25.03739,121.43473,42.0,0.8,15.9,0.0,13.9,0.0
709,新莊區,新北大道昌平街口(臨時站),25.06035,121.45474,16.0,6.6,6.5,1.1,0.0,12.4
710,新莊區,新北市立圖書館新莊中港分館,25.04643,121.45222,13.0,9.9,7.4,4.0,0.0,20.1
711,新莊區,新月橋,25.03208,121.44982,60.0,24.9,27.9,0.7,0.0,16.8
712,新莊區,新樹公園,25.00338,121.43315,25.0,8.1,15.3,0.0,0.0,4.2
713,新莊區,新樹路258巷口,25.01525,121.43269,19.0,1.1,7.3,0.0,5.3,1.4
714,新莊區,新泰公園,25.0372,121.44495,30.0,15.9,15.2,3.0,0.0,19.8
715,新莊區,新泰國中,25.04316,121.44414,24.0,8.5,11.0,0.0,0.0,1.3
716,新莊區,新泰游泳池,25.04616,121.44228,40.0,7.7,19.6,0.0,10.8,0.8
717,新莊區,新泰路255巷口,25.03936,121.4427,20.0,10.3,13.8,0.0,0.0,2.4
718,新莊區,新莊勞工中心,25.02033,121.43374,26.0,4.0,5.3,0.0,0.0,1.3
719,新莊區,新莊國民運動中心,25.03932,121.44898,52.0,8.7,14.3,0.0,0.0,17.4
720,新莊區,新莊國民運動中心(和興街),25.03891,121.44759,12.0,3.8,3.0,1.4,0.0,33.5
721,新莊區,新莊快樂公園,25.03033,121.44355,27.0,8.4,15.5,0.0,0.0,4.9
722,新莊區,新莊文化藝術中心,25.04714,121.4445,40.0,7.5,8.8,0.0,0.0,1.3
723,新莊區,新莊棒球場,25.04138,121.44609,69.0,17.7,24.6,0.0,0.0,9.0
724,新莊區,新莊棒球場(和興街),25.04069,121.44654,37.0,8.2,8.9,0.5,0.0,14.8
725,新莊區,新莊田徑場,25.04341,121.45259,42.0,7.9,7.8,1.3,0.0,33.6
726,新莊區,新莊運動公園地下停車場,25.043,121.44941,14.0,9.3,6.3,4.4,0.0,25.4
727,新莊區,新莊體育館,25.04078,121.45255,47.0,10.8,11.8,0.6,0.0,17.7
728,新莊區,昌平公園,25.05866,121.45811,55.0,1.0,9.5,0.0,7.5,1.7
729,新莊區,昌平國小,25.05658,121.45685,18.0,5.3,7.0,0.0,0.0,8.8
730,新莊區,昌盛橋,25.04973,121.45317,20.0,12.3,10.5,3.6,0.0,25.1
731,新莊區,昌隆國小,25.05213,121.45489,46.0,23.6,21.9,5.2,0.0,20.9
732,新莊區,榮富國小,25.05172,121.44659,26.0,19.9,16.3,6.7,0.0,15.0
733,新莊區,民安國小(東側),25.02259,121.42873,17.0,6.0,10.6,0.0,0.0,6.2
734,新莊區,民安東民全街口,25.02077,121.42956,25.0,4.9,8.6,0.0,0.0,5.2
735,新莊區,民安西路252巷,25.01372,121.42485,15.0,4.6,7.8,0.0,0.0,9.0
736,新莊區,民安西路468巷口,25.00796,121.43176,25.0,1.8,9.9,0.0,7.8,0.0
737,新莊區,民安西路88巷口,25.01912,121.42703,18.0,8.5,9.6,0.2,0.0,18.8
738,新莊區,潭底溝休憩廣場,25.02191,121.42636,10.0,3.2,3.1,0.5,0.0,22.9
739,新莊區,瓊林公園,25.02629,121.44244,30.0,4.0,13.3,0.0,8.7,0.3
740,新莊區,瓊林南路101巷口,25.01258,121.4343,33.0,0.8,9.6,0.0,7.6,0.0
741,新莊區,瓊泰市民活動中心,25.02926,121.44312,15.0,6.9,6.2,1.8,0.0,18.5
742,新莊區,登龍平面停車場,25.03662,121.45654,32.0,4.3,12.2,0.0,7.3,5.8
743,新莊區,福基公園,25.05816,121.46086,40.0,13.1,18.0,0.0,0.0,10.2
744,新莊區,福壽公園,25.05151,121.45758,46.0,23.7,23.5,3.7,0.0,10.9
745,新莊區,福壽昌智路口,25.05614,121.45804,30.0,5.8,6.5,0.1,0.0,40.5
746,新莊區,福德二街35號,25.05719,121.4623,15.0,11.3,8.6,4.4,0.0,18.1
747,新莊區,福慧新知八路口,25.06204,121.45519,20.0,11.5,4.7,8.5,0.0,1.3
748,新莊區,福營國中,25.02532,121.42198,15.0,0.4,4.0,0.0,2.0,0.6
749,新莊區,福營行政中心,25.02413,121.42387,43.0,11.6,14.0,0.0,0.0,7.3
750,新莊區,福祿1號公園,25.06386,121.4638,15.0,3.7,5.3,0.0,0.0,9.0
751,新莊區,福美公園,25.05503,121.46106,45.0,17.9,17.3,3.3,0.0,10.6
752,新莊區,立泰里(中環路二段),25.04568,121.44213,25.0,5.7,9.0,0.0,0.0,7.3
753,新莊區,臺北醫院,25.04358,121.45978,39.0,7.3,7.1,1.3,0.0,6.2
754,新莊區,興化公園,25.06523,121.46112,55.0,16.1,20.7,0.0,0.0,4.2
755,新莊區,行政院新莊聯合辦公大樓,25.05595,121.44443,51.0,11.5,9.4,3.8,0.0,0.0
756,新莊區,西盛公園,25.01711,121.42805,24.0,9.2,13.6,0.0,0.0,13.0
757,新莊區,西盛廣場,25.00089,121.43149,39.0,8.5,21.2,0.0,11.4,1.0
758,新莊區,西盛館,25.01191,121.43271,20.0,2.3,3.5,0.0,0.0,2.4
759,新莊區,覺明寺(豐年街53巷),25.03172,121.44721,11.0,8.7,5.8,4.2,0.0,36.3
760,新莊區,豐年國小,25.0307,121.44324,28.0,9.5,15.5,0.0,0.0,8.1
761,新莊區,豐年陸橋,25.02967,121.44754,18.0,8.6,7.2,2.6,0.0,28.0
762,新莊區,輔仁大學附設醫院,25.03927,121.431,41.0,16.1,8.3,10.2,0.0,0.7
763,新莊區,遠東動力企業總部,25.03113,121.42999,26.0,1.6,6.6,0.0,4.6,0.1
764,新莊區,遠東動力企業總部(福營路),25.03033,121.43045,30.0,1.5,6.2,0.0,4.2,0.4
765,新莊區,長青公園,25.04246,121.45662,11.0,5.9,7.6,0.0,0.0,2.4
766,新莊區,雙鳳公園,25.02644,121.41398,11.0,7.6,4.8,3.9,0.0,31.2
767,新莊區,頭前國中,25.05444,121.45916,51.0,23.0,14.1,12.3,0.0,1.0
768,新莊區,頭前國小,25.05257,121.46506,46.0,5.0,10.9,0.0,5.1,4.8
769,新莊區,頭前國小(化成路),25.0535,121.46624,12.0,3.9,5.3,0.0,0.0,3.5
770,新莊區,頭前運動公園,25.05165,121.46211,60.0,9.2,11.4,0.0,0.0,12.7
771,新莊區,頭前運動公園(頭前路),25.05237,121.46362,22.0,4.3,7.8,0.0,0.0,5.4
772,新莊區,麗水富貴路口(聯合公園社區),25.05697,121.45162,50.0,16.3,21.4,0.0,0.0,11.4
773,新莊區,黃城公園,25.05238,121.44824,38.0,26.1,25.8,4.3,0.0,14.1
774,新莊區,黃城公園(中榮街),25.05277,121.44883,11.0,7.4,5.2,3.3,0.0,25.7
775,新莊區,龍安成德街口,25.0191,121.42267,12.0,4.7,4.5,0.9,0.0,30.5
776,新莊區,龍安福營路口,25.02022,121.41931,15.0,4.4,4.9,0.2,0.0,18.9
777,新莊區,龍鳳公園,25.021435,121.4169,52.0,11.5,13.4,0.0,0.0,2.0
778,板橋區,三抱竹,24.99864,121.44139,34.0,10.6,16.4,0.0,0.0,5.4
779,板橋區,三民永豐街口,25.02104,121.47917,13.0,4.9,6.5,0.0,0.0,3.8
780,板橋區,三民翠華街口,25.02317,121.48024,10.0,5.2,3.7,2.3,0.0,31.6
781,板橋區,中山國中,25.01856,121.46751,34.0,13.8,18.2,0.0,0.0,2.5
782,板橋區,中山國小地下停車場,25.0008,121.44859,18.0,5.6,6.2,0.3,0.0,10.3
783,板橋區,中山路二段295巷口,25.01851,121.47835,20.0,1.6,8.8,0.0,6.8,1.0
784,板橋區,中山路二段416巷38弄口,25.01936,121.48153,14.0,3.2,5.7,0.0,0.0,4.8
785,板橋區,中山路二段443巷口,25.02051,121.48102,23.0,6.9,10.3,0.0,0.0,7.8
786,板橋區,中山路二段565巷,25.02263,121.48402,15.0,4.4,5.7,0.0,0.0,16.1
787,板橋區,中山路二段90巷,25.01634,121.47523,13.0,6.5,5.2,2.2,0.0,19.2
788,板橋區,中正新月二街口(富江翠社區),25.02586,121.45437,40.0,3.7,8.6,0.0,4.3,4.7
789,板橋區,中正新月二街口(青翠社區),25.0269,121.45472,40.0,4.4,12.3,0.0,7.3,1.8
790,板橋區,中正路145巷口,25.01587,121.4566,18.0,9.1,5.0,5.4,0.0,29.4
791,板橋區,中華電信學院,25.00801,121.46684,9.0,4.6,2.3,3.0,0.0,15.8
792,板橋區,中華電信板橋雲端資料中心,24.9953,121.45825,45.0,2.6,10.5,0.0,7.5,0.7
793,板橋區,五權公園地下停車場,24.99265,121.46463,25.0,8.9,12.0,0.0,0.0,6.4
794,板橋區,亞東醫院,24.99837,121.45318,61.0,7.3,40.9,0.0,32.6,0.0
795,板橋區,仁化文新路口,25.03486,121.47928,36.0,9.7,14.4,0.0,0.0,13.4
796,板橋區,仁愛路62巷(14&24弄口),24.99821,121.45998,29.0,2.4,10.4,0.0,7.6,4.7
797,板橋區,介壽街/文化路一段188巷9弄口,25.01979,121.46856,16.0,7.6,5.7,3.1,0.0,13.7
798,板橋區,信義公園市民活動中心,24.99181,121.45713,49.0,23.8,31.6,0.0,0.0,9.7
799,板橋區,信義和平路口,24.99455,121.45721,15.0,5.6,5.7,0.8,0.0,9.6
800,板橋區,信義路163巷口,24.99271,121.45848,17.0,9.2,9.5,1.1,0.0,8.6
801,板橋區,健華新城社區,25.01927,121.4653,72.0,19.0,17.2,4.7,0.0,9.0
802,板橋區,僑中二街92巷口,25.00879,121.44632,21.0,9.5,5.6,5.3,0.0,7.5
803,板橋區,光復光榮巷口,25.02139,121.48473,13.0,3.3,6.4,0.0,0.0,2.8
804,板橋區,光復國小,25.01501,121.48169,38.0,13.4,15.9,0.0,0.0,4.5
805,板橋區,光復街/中山路二段412巷口,25.01902,121.48399,15.0,3.4,4.9,0.0,0.0,16.7
806,板橋區,光復高中,25.01735,121.48258,37.0,3.2,10.6,0.0,7.0,0.3
807,板橋區,八德公園,25.02378,121.47482,14.0,4.6,3.8,1.5,0.0,29.7
808,板橋區,力行新村,24.99917,121.44347,12.0,7.3,4.6,3.7,0.0,26.1
809,板橋區,南雅公園,25.00376,121.45526,45.0,18.1,19.3,1.6,0.0,16.2
810,板橋區,南雅東路(画世代社區),25.00748,121.45364,40.0,0.1,3.7,0.0,1.7,0.6
811,板橋區,南雅西路一段(画世代社區),25.00688,121.45271,40.0,0.1,4.0,0.0,2.0,0.7
812,板橋區,南雅西路二段145巷,25.01171,121.45172,18.0,10.6,6.7,5.6,0.0,15.5
813,板橋區,四川忠孝路口,25.00149,121.45924,39.0,8.6,13.3,0.0,0.0,4.9
814,板橋區,四川遠東路口,24.99856,121.45759,60.0,1.8,5.1,0.0,3.0,2.4
815,板橋區,四維公園地下停車場,25.02569,121.46392,93.0,26.6,29.4,1.2,0.0,31.1
816,板橋區,國光公園,25.0198,121.454,42.0,17.8,22.9,0.0,0.0,4.8
817,板橋區,國光里(國光路),25.0178,121.45847,43.0,18.6,14.8,6.6,0.0,29.2
818,板橋區,國慶路149巷口,24.99605,121.46151,14.0,8.6,5.7,4.2,0.0,17.7
819,板橋區,國泰街111巷口,25.00609,121.46617,43.0,23.8,23.3,4.1,0.0,26.6
820,板橋區,埔墘國小,25.01908,121.47372,34.0,13.3,13.5,1.8,0.0,28.5
821,板橋區,埤墘公園,25.02332,121.47422,37.0,11.9,8.7,5.0,0.0,35.2
822,板橋區,夢奇地公園(文化路一段),25.017,121.4638,45.0,12.6,18.1,0.0,0.0,8.3
823,板橋區,大明街20巷19弄口,25.00306,121.45714,43.0,20.5,22.1,1.5,0.0,17.4
824,板橋區,大觀國中,25.01076,121.44698,99.0,19.5,32.2,0.0,0.0,1.0
825,板橋區,大觀段平面停車場,25.005,121.45064,18.0,0.8,5.7,0.0,3.7,1.0
826,板橋區,大觀路一段75巷,25.00406,121.44925,16.0,1.4,7.7,0.0,5.7,0.8
827,板橋區,大觀路二段19巷,25.00256,121.45079,29.0,13.1,12.4,2.6,0.0,13.4
828,板橋區,大觀路二段1巷,25.00382,121.44863,24.0,6.1,9.5,0.0,0.0,5.9
829,板橋區,大觀路二段265巷3弄口,24.99828,121.44286,10.0,6.5,2.3,5.1,0.0,42.2
830,板橋區,崑崙公園,24.99341,121.42964,32.0,5.7,9.0,0.0,0.0,10.2
831,板橋區,崑崙活力廣場,24.99402,121.43294,52.0,4.2,9.4,0.0,4.6,26.4
832,板橋區,府中汽車停車場,25.00745,121.45882,28.0,4.5,5.9,0.0,0.0,8.5
833,板橋區,府中立體停車場,25.00979,121.45436,15.0,7.6,6.9,1.8,0.0,17.5
834,板橋區,廣福公園,24.991644,121.462875,30.0,9.7,14.5,0.0,0.0,5.1
835,板橋區,後埔國小,25.00339,121.4643,12.0,6.4,2.3,5.1,0.0,37.3
836,板橋區,後埔國小(實踐路/重慶路155巷口),25.00412,121.46417,24.0,9.7,7.7,3.4,0.0,17.4
837,板橋區,忠孝國中,25.00488,121.46129,66.0,12.4,14.3,0.0,0.0,6.6
838,板橋區,忠孝國中地下停車場,25.00378,121.46241,20.0,11.9,8.1,5.5,0.0,20.6
839,板橋區,懷德街233巷(環翠社區),25.029,121.48148,40.0,11.2,18.4,0.0,0.0,10.0
840,板橋區,懷石公園,25.03114,121.48137,17.0,7.7,8.9,0.0,0.0,14.5
841,板橋區,振義里公園,25.02389,121.48397,30.0,9.2,12.4,0.0,0.0,17.9
842,板橋區,捷運亞東醫院站(2號出口),24.99763,121.4522,52.0,15.7,13.8,4.2,0.0,0.1
843,板橋區,捷運亞東醫院站(3號出口),24.99821,121.45258,56.0,7.3,18.7,0.0,10.3,0.0
844,板橋區,捷運府中站(1號出口),25.00821,121.45904,91.0,9.3,25.7,0.0,15.0,0.0
845,板橋區,捷運府中站(3號出口),25.009,121.459,69.0,31.9,34.4,2.3,0.0,0.1
846,板橋區,捷運新埔民生站,25.02598,121.46657,40.0,2.7,14.2,0.0,11.1,0.4
847,板橋區,捷運新埔站(1號出口),25.0235,121.46745,99.0,29.7,48.5,0.0,0.0,0.0
848,板橋區,捷運新埔站(2號出口),25.02237,121.46779,60.0,23.5,14.6,12.4,0.0,0.0
849,板橋區,捷運新埔站(3號出口),25.02247,121.46868,20.0,12.7,16.4,0.0,0.0,0.0
850,板橋區,捷運新埔站(4號出口),25.02341,121.46857,70.0,15.2,23.5,0.0,0.0,0.0
851,板橋區,捷運新埔站(5號出口),25.0235,121.46808,79.0,2.9,28.6,0.0,25.3,0.0
852,板橋區,捷運板新站,25.01409,121.47124,96.0,9.6,15.0,0.0,0.0,5.2
853,板橋區,捷運板橋站(1號出口),25.01335,121.46202,86.0,14.6,23.9,0.0,0.0,0.0
854,板橋區,捷運板橋站(3號出口),25.01452,121.46179,89.0,9.6,20.5,0.0,9.4,0.0
855,板橋區,捷運江子翠站(1號出口),25.03043,121.47162,13.0,3.8,9.6,0.0,5.2,0.0
856,板橋區,捷運江子翠站(2號出口),25.02999,121.472,26.0,3.1,13.7,0.0,10.1,0.0
857,板橋區,捷運江子翠站(3號出口),25.02933,121.47195,60.0,19.2,22.2,0.0,0.0,0.0
858,板橋區,捷運江子翠站(4號出口),25.02946,121.47307,11.0,4.5,9.1,0.0,3.9,0.1
859,板橋區,捷運江子翠站(5號出口),25.03046,121.47291,31.0,1.5,6.5,0.0,4.5,0.7
860,板橋區,捷運江子翠站(6號出口),25.03106,121.47314,22.0,5.2,13.0,0.0,7.1,0.1
861,板橋區,捷運環狀線板橋站(5號出口),25.01598,121.46359,99.0,10.1,13.6,0.0,0.0,0.0
862,板橋區,文丘公園,25.02365,121.44966,15.0,0.5,5.9,0.0,3.9,0.4
863,板橋區,文化懷德街口,25.03359,121.47574,24.0,5.4,6.2,0.1,0.0,10.6
864,板橋區,文化路一段212巷口,25.02021,121.46639,20.0,9.2,10.0,0.7,0.0,2.0
865,板橋區,文化路二段182巷1弄,25.02926,121.47241,49.0,1.7,6.6,0.0,4.6,0.1
866,板橋區,文德國小(公館街),25.02145,121.45923,52.0,24.8,25.2,3.3,0.0,16.2
867,板橋區,文德新海路口,25.02353,121.46112,18.0,7.6,3.0,5.8,0.0,45.9
868,板橋區,文聖國小(松柏街50巷),25.02929,121.47611,12.0,3.7,2.7,1.5,0.0,25.3
869,板橋區,新北市政府(新府路),25.01245,121.4642,68.0,22.0,27.5,0.0,0.0,0.0
870,板橋區,新北市政府(新站路),25.01252,121.46653,74.0,11.4,20.1,0.0,0.0,0.0
871,板橋區,新北市政府板橋分局沙崙派出所,24.98842,121.43032,16.0,5.8,5.3,1.4,0.0,24.0
872,板橋區,新北市立圖書館總館,25.00147,121.45569,53.0,4.5,4.4,0.8,0.0,1.4
873,板橋區,新北市藝文中心,25.0262,121.47251,54.0,5.7,5.6,1.0,0.0,16.8
874,板橋區,新北市藝文中心(文化路二段124巷),25.02563,121.4714,37.0,5.6,6.4,0.0,0.0,10.3
875,板橋區,新崑公園,24.99968,121.43249,30.0,2.2,6.5,0.0,4.0,0.3
876,板橋區,新府區運路口,25.01016,121.46546,30.0,4.0,4.6,0.0,0.0,7.6
877,板橋區,新月二綠堤街口,25.02627,121.45526,21.0,7.1,10.4,0.0,0.0,6.4
878,板橋區,新民民族路口,25.0094,121.4638,20.0,5.4,7.3,0.0,0.0,8.1
879,板橋區,新海抽水站停車場,25.02776,121.45537,13.0,1.3,5.0,0.0,3.0,1.3
880,板橋區,新海長江路口,25.02788,121.45779,61.0,15.3,27.7,0.0,0.0,2.1
881,板橋區,時光公園,25.03622,121.47948,20.0,2.3,7.1,0.0,4.4,1.3
882,板橋區,望月公園,25.02997,121.45787,32.0,0.4,9.3,0.0,7.3,0.4
883,板橋區,松柏街15巷口,25.0296,121.4742,20.0,4.0,5.5,0.0,0.0,4.8
884,板橋區,松柏街50巷90弄口,25.02833,121.47621,12.0,4.6,2.5,2.8,0.0,32.9
885,板橋區,板新中山路一段口,25.01491,121.47161,15.0,6.9,5.7,2.2,0.0,10.2
886,板橋區,板林溪北路口,24.99057,121.42636,57.0,14.2,26.6,0.0,0.0,0.0
887,板橋區,板樹體育館,24.9822,121.42758,15.0,2.4,6.0,0.0,3.3,1.6
888,板橋區,板橋435藝文特區,25.02396,121.45269,18.0,4.3,7.6,0.0,0.0,0.4
889,板橋區,板橋435藝文特區(環河西路),25.02473,121.4506,12.0,0.8,5.5,0.0,3.5,0.0
890,板橋區,板橋中山公園,25.02336,121.47109,34.0,5.5,7.1,0.0,0.0,12.1
891,板橋區,板橋仁愛公園,24.99601,121.45971,51.0,19.0,23.6,0.0,0.0,6.6
892,板橋區,板橋信義公園,24.99625,121.45622,55.0,9.9,14.0,0.0,0.0,10.5
893,板橋區,板橋公車站,25.01269,121.4621,60.0,4.7,14.3,0.0,9.0,0.0
894,板橋區,板橋和平公園,24.99766,121.46427,54.0,14.8,15.4,1.6,0.0,19.1
895,板橋區,板橋四維公園,25.02452,121.46319,67.0,18.9,18.1,3.7,0.0,28.5
896,板橋區,板橋國中,25.02499,121.45437,62.0,4.9,15.4,0.0,9.8,0.1
897,板橋區,板橋國小,25.01035,121.45799,18.0,4.8,7.9,0.0,0.0,0.7
898,板橋區,板橋國民運動中心,25.02224,121.45815,42.0,14.1,15.4,0.9,0.0,2.1
899,板橋區,板橋地政事務所,25.00841,121.46333,61.0,9.6,11.8,0.0,0.0,18.4
900,板橋區,板橋戶政事務所,25.01309,121.45646,44.0,19.4,19.9,2.5,0.0,10.2
901,板橋區,板橋戶政事務所海山辦事處,25.01182,121.47038,50.0,3.1,5.3,0.0,0.0,3.8
902,板橋區,板橋果菜批發市場,25.02113,121.45004,26.0,2.4,11.1,0.0,8.3,0.1
903,板橋區,板橋真武廟,25.02046,121.48594,20.0,1.5,7.9,0.0,5.9,0.3
904,板橋區,板橋福德公園,25.01156,121.46734,47.0,4.2,7.9,0.0,0.0,0.6
905,板橋區,板橋第一運動場,25.00914,121.46799,46.0,13.2,18.2,0.0,0.0,10.3
906,板橋區,板橋第二運動場(皇翔建設),25.01387,121.45897,32.0,7.2,9.7,0.0,0.0,5.8
907,板橋區,板橋車站,25.015518,121.46374,95.0,32.5,48.3,0.0,0.0,0.0
908,板橋區,板橋車站(新站路),25.01529,121.46438,28.0,18.7,22.1,0.0,0.0,1.6
909,板橋區,板橋重慶公園,25.0001,121.463,38.0,8.7,7.8,2.1,0.0,28.0
910,板橋區,林本源園邸,25.01086,121.45598,40.0,6.9,10.4,0.0,0.0,9.0
911,板橋區,民族路225巷,25.00779,121.46995,13.0,6.4,5.7,1.6,0.0,27.4
912,板橋區,民治街81巷,25.03223,121.48005,16.0,5.4,4.5,1.8,0.0,40.1
913,板橋區,民生中山路口,25.01606,121.47346,29.0,10.8,7.4,5.0,0.0,27.7
914,板橋區,民生公園,25.01368,121.47542,50.0,9.6,12.6,0.0,0.0,10.5
915,板橋區,民生縣民大道口(東南側),25.01862,121.47166,22.0,6.7,5.1,2.6,0.0,54.8
916,板橋區,民生路二段/文化路一段286巷口,25.02132,121.46885,13.0,3.4,6.2,0.0,0.0,1.8
917,板橋區,民生路二段226巷8弄,25.02151,121.46996,21.0,2.8,5.7,0.0,2.5,6.4
918,板橋區,民生長江路口,25.03134,121.46346,99.0,50.1,60.7,0.0,0.0,5.8
919,板橋區,永安公園,25.02418,121.47776,64.0,19.0,16.7,5.1,0.0,26.1
920,板橋區,永翠藝文街口(大禾社區),25.01801,121.45029,44.0,17.3,24.6,0.0,0.0,10.3
921,板橋區,永翠藝文街口(柏克萊公園社區),25.01811,121.45066,45.0,14.4,20.4,0.0,0.0,11.0
922,板橋區,永豐公園活動中心,25.02113,121.47685,32.0,9.6,10.1,1.0,0.0,28.8
923,板橋區,江翠國中,25.02858,121.46848,36.0,7.2,15.5,0.0,7.3,0.0
924,板橋區,江翠國中活動中心地下停車場,25.02838,121.46623,19.0,6.7,5.1,2.6,0.0,33.1
925,板橋區,江翠國小,25.03236,121.47431,43.0,2.7,6.7,0.0,3.6,0.8
926,板橋區,浮洲合宜住宅(合安一合宜路口),24.99849,121.44863,58.0,17.7,24.0,0.0,0.0,19.4
927,板橋區,浮洲合宜住宅(合安一路),24.99946,121.4465,34.0,9.4,8.2,2.7,0.0,40.3
928,板橋區,浮洲合宜住宅(合宜一合宜路口),24.99536,121.44602,22.0,8.2,8.9,0.5,0.0,15.0
929,板橋區,浮洲合宜住宅(合宜一路),24.99652,121.44276,57.0,15.9,25.5,0.0,0.0,0.0
930,板橋區,浮洲合宜住宅(樂群路),24.99702,121.44642,48.0,10.7,9.0,3.3,0.0,44.1
931,板橋區,浮洲火車站,25.0041,121.44425,46.0,18.6,24.8,0.0,0.0,1.1
932,板橋區,浮洲運動公園,25.01419,121.4498,14.0,4.4,7.3,0.0,0.0,5.4
933,板橋區,海山高中,25.00911,121.47149,80.0,18.5,16.7,4.6,0.0,3.1
934,板橋區,海山高中(漢生東路),25.01067,121.47048,40.0,3.6,7.3,0.0,3.1,0.7
935,板橋區,港嘴活動中心,25.02578,121.4814,20.0,9.1,10.3,0.2,0.0,16.7
936,板橋區,港德攤集區(中正路236巷),25.01975,121.4597,20.0,11.0,2.4,10.3,0.0,22.2
937,板橋區,湳仔二橋,25.00118,121.45192,15.0,2.5,6.0,0.0,3.1,3.5
938,板橋區,湳仔溝抽水站,25.02184,121.44828,15.0,1.9,5.0,0.0,2.8,1.0
939,板橋區,湳雅夜市停車場,25.00557,121.45345,10.0,7.2,4.8,3.5,0.0,18.9
940,板橋區,湳雅觀光夜市(津渡橋),25.0079,121.45231,56.0,10.5,16.1,0.0,0.0,8.8
941,板橋區,溪北公園,24.98999,121.43224,42.0,13.7,17.7,0.0,0.0,13.1
942,板橋區,溪城金門街口,24.98356,121.4269,16.0,6.7,7.3,0.3,0.0,9.9
943,板橋區,溪洲公園停車場,24.98698,121.42686,40.0,15.1,21.3,0.0,0.0,5.2
944,板橋區,溪頭公園,25.03312,121.46852,58.0,18.6,21.8,0.0,0.0,20.8
945,板橋區,漢生東路193巷口,25.01225,121.47128,19.0,5.5,4.6,1.7,0.0,29.9
946,板橋區,潤泰社區,25.01795,121.47938,35.0,5.4,8.3,0.0,0.0,0.8
947,板橋區,玫瑰公園,25.02373,121.45544,14.0,6.9,5.9,2.1,0.0,16.7
948,板橋區,環河公園,25.01666,121.45064,44.0,12.1,26.7,0.0,12.8,0.7
949,板橋區,環河西大漢街口,25.03183,121.4612,46.0,17.1,24.7,0.0,0.0,8.8
950,板橋區,環河西新月一街口(新月天地社區),25.0267,121.453,38.0,5.6,14.4,0.0,8.0,0.4
951,板橋區,環河西華江六路口(翠亨村社區),25.03609,121.4709,40.0,9.1,13.7,0.0,0.0,11.3
952,板橋區,生態北公園,24.99952,121.45643,18.0,13.0,6.1,8.8,0.0,1.1
953,板橋區,生態南公園,24.99602,121.45504,18.0,2.0,4.0,0.0,0.0,4.4
954,板橋區,田單北街/懷德街201巷(一川社區),25.03025,121.48186,40.0,3.4,8.8,0.0,4.9,5.2
955,板橋區,石雕公園,25.03026,121.46947,34.0,7.2,6.4,1.9,0.0,1.1
956,板橋區,稚匯公園(華江三路),25.03562,121.47255,19.0,8.0,9.3,0.0,0.0,22.3
957,板橋區,縣民大道三段270巷口,25.02323,121.47835,11.0,4.9,2.9,2.8,0.0,43.6
958,板橋區,縣民富山街口,25.02201,121.47605,10.0,5.0,1.4,4.4,0.0,48.0
959,板橋區,縣民板城路口,25.00392,121.45325,40.0,8.9,13.7,0.0,0.0,6.9
960,板橋區,縣民民族路口,25.01,121.461,49.0,3.3,6.9,0.0,3.1,4.4
961,板橋區,縣民民生路口,25.01836,121.47072,13.0,6.8,5.4,2.5,0.0,44.4
962,板橋區,縣民漢生東路口,25.01578,121.46779,71.0,7.1,8.5,0.0,0.0,13.6
963,板橋區,縣民漢生東路口(西北側),25.01531,121.46624,36.0,11.3,20.7,0.0,0.0,0.1
964,板橋區,縣民觀光街口,25.01702,121.4692,12.0,5.8,2.9,3.8,0.0,26.8
965,板橋區,聖若望平面停車場,25.01068,121.45188,15.0,1.6,5.5,0.0,3.5,3.1
966,板橋區,聯合醫院板橋院區,25.02406,121.45789,52.0,27.2,27.6,3.7,0.0,13.0
967,板橋區,致理科技大學,25.02025,121.46271,31.0,8.7,6.2,3.8,0.0,28.2
968,板橋區,臺灣藝術大學,25.0075,121.448,65.0,14.4,10.0,6.5,0.0,0.1
969,板橋區,莊敬公園,25.02062,121.47025,50.0,11.0,10.6,2.0,0.0,25.1
970,板橋區,莊敬路25巷口,25.02734,121.47338,23.0,7.2,7.8,0.5,0.0,20.2
971,板橋區,莒光國小,25.02565,121.47465,37.0,7.1,6.9,1.3,0.0,25.7
972,板橋區,華中公園,25.0189,121.44676,15.0,0.2,6.2,0.0,4.2,0.3
973,板橋區,華德公園,24.99195,121.45279,58.0,22.7,26.5,0.0,0.0,15.3
974,板橋區,華德公園平面停車場,24.99292,121.45339,18.0,9.8,5.6,5.7,0.0,19.6
975,板橋區,華江一華江九路口,25.033,121.46681,55.0,17.9,21.4,0.0,0.0,35.2
976,板橋區,華江一華江二路口(吾界社區),25.03596,121.47677,40.0,8.6,10.8,0.0,0.0,15.3
977,板橋區,華江一華江二路口(江匯Life社區),25.03588,121.47656,40.0,10.4,14.8,0.0,0.0,12.6
978,板橋區,華江一華江五路口(雙江翠社區),25.03485,121.47253,46.0,13.0,16.8,0.0,0.0,8.2
979,板橋區,華江一華江六路口(仰真社區),25.034,121.47,38.0,7.1,13.4,0.0,0.0,9.0
980,板橋區,華江九華江一路口(匯翠社區),25.033,121.466,40.0,15.2,16.9,0.5,0.0,25.4
981,板橋區,華江二華江一路口(帝國花園廣場社區),25.03544,121.47523,40.0,3.3,7.1,0.0,3.3,2.7
982,板橋區,華江五華江一路口(帝國花園廣場社區),25.03474,121.47336,39.0,8.6,11.5,0.0,0.0,16.4
983,板橋區,華江公園,25.01946,121.47099,12.0,5.4,3.8,2.4,0.0,45.5
984,板橋區,華江橋自行車牽引道,25.03562,121.48046,16.0,2.6,6.1,0.0,3.1,2.5
985,板橋區,萬板文聖街口,25.02638,121.47973,54.0,19.1,22.0,0.0,0.0,20.5
986,板橋區,萬板高架橋下停車場,25.02729,121.48183,20.0,6.6,9.6,0.0,0.0,7.8
987,板橋區,藝文一永翠路口,25.0224,121.45268,54.0,4.6,13.7,0.0,8.4,0.0
988,板橋區,藝文二永翠路口(青峰社區),25.02142,121.45221,39.0,7.5,11.1,0.0,0.0,8.8
989,板橋區,藝文藝文二街口(大悅社區),25.021765,121.45157,38.0,8.3,14.8,0.0,0.0,3.2
990,板橋區,西安市民活動中心,25.01712,121.47188,27.0,10.7,7.1,5.2,0.0,16.0
991,板橋區,重慶國小,24.99373,121.46253,41.0,17.7,19.6,0.8,0.0,12.4
992,板橋區,重慶國小(和平路101巷),24.99537,121.46216,21.0,11.1,9.5,3.3,0.0,19.6
993,板橋區,重慶路89巷,25.00633,121.46206,13.0,3.9,3.8,0.7,0.0,26.0
994,板橋區,長安街251巷,25.01063,121.47236,16.0,6.6,6.5,1.1,0.0,23.0
995,板橋區,雙十萬板路口,25.02538,121.47718,26.0,6.1,5.0,2.0,0.0,33.6
996,板橋區,音樂公園,25.02856,121.48039,57.0,22.9,30.0,0.0,0.0,14.4
997,板橋區,香社一藝文街口(歡喜市社區),25.0208,121.451,40.0,10.1,15.3,0.0,0.0,8.2
998,板橋區,馥華公園,25.00607,121.44564,53.0,10.3,16.1,0.0,0.0,4.5
999,板橋區,黃石中繼市場,25.0125,121.45699,20.0,8.1,9.2,0.1,0.0,17.8
1000,林口區,三井Outlet,25.07158,121.36629,63.0,4.1,8.8,0.0,4.1,5.4
1001,林口區,中山佳林路口,25.07923,121.38527,26.0,3.9,9.8,0.0,5.3,0.0
1002,林口區,中山文化二路口,25.08288,121.37942,17.0,6.2,9.4,0.0,0.0,3.7
1003,林口區,井泉公園,25.0697,121.35665,25.0,9.0,14.1,0.0,0.0,4.9
1004,林口區,仁愛文化二路口,25.0777,121.37354,55.0,17.9,23.3,0.0,0.0,5.2
1005,林口區,佳林國中(文化一路),25.08141,121.38353,18.0,3.2,7.9,0.0,4.2,0.0
1006,林口區,信義文化三路口,25.08214,121.37541,24.0,9.0,14.8,0.0,0.0,1.7
1007,林口區,八德文化三路口,25.06597,121.35992,26.0,2.4,5.7,0.0,3.0,0.3
1008,林口區,八德路500巷,25.06715,121.35626,20.0,4.1,8.3,0.0,3.6,4.4
1009,林口區,力行公園,25.07776,121.36892,16.0,4.6,6.9,0.0,0.0,3.8
1010,林口區,南勢六街81巷口,25.07255,121.35475,15.0,4.0,7.6,0.0,0.0,1.6
1011,林口區,南勢國中,25.07486,121.36232,24.0,0.9,5.4,0.0,3.4,0.0
1012,林口區,南勢市民活動中心,25.07393,121.35914,25.0,8.2,12.2,0.0,0.0,1.7
1013,林口區,四維文化一路口,25.07664,121.37982,16.0,2.1,5.2,0.0,2.8,1.6
1014,林口區,四維文化二路口,25.07899,121.37604,27.0,7.2,6.6,1.8,0.0,0.3
1015,林口區,國家檔案館,25.07353,121.37472,17.0,7.2,4.2,4.1,0.0,0.0
1016,林口區,國家檔案館(文化一路),25.07285,121.37527,25.0,3.2,10.2,0.0,6.5,3.2
1017,林口區,國立師範大學林口校區,25.06804,121.39795,59.0,6.6,19.8,0.0,12.2,0.3
1018,林口區,大崙公園,25.0766,121.36,30.0,9.2,13.5,0.0,0.0,4.2
1019,林口區,宗北公園,25.08809,121.3838,15.0,2.1,6.8,0.0,4.4,0.8
1020,林口區,富貴森林公園,25.08296,121.37831,46.0,17.8,30.8,0.0,0.0,0.8
1021,林口區,崇林國中,25.06754,121.37134,20.0,1.8,5.7,0.0,3.7,0.3
1022,林口區,師大林口校區正樓後,25.06944,121.4033,27.0,1.4,12.4,0.0,10.4,1.3
1023,林口區,師大林口校區行政大樓,25.06726,121.40133,18.0,4.7,8.9,0.0,0.0,2.1
1024,林口區,師大林口校區誠樓前,25.06929,121.4022,29.0,9.5,17.7,0.0,0.0,7.3
1025,林口區,師大林口校區體育館前,25.06703,121.40216,16.0,2.1,6.8,0.0,4.4,0.0
1026,林口區,廣停二停車場,25.0755,121.37045,41.0,21.7,26.8,0.0,0.0,8.3
1027,林口區,忠孝二文化二路口,25.06913,121.36541,23.0,4.0,4.2,0.4,0.0,14.8
1028,林口區,忠孝公園路口,25.0712,121.36982,16.0,6.7,7.0,0.7,0.0,10.5
1029,林口區,忠福南勢一街口,25.07744,121.36137,20.0,4.4,9.9,0.0,4.9,2.5
1030,林口區,扶輪公園,25.07298,121.36932,48.0,4.4,11.0,0.0,5.9,2.7
1031,林口區,扶輪公園(忠孝路),25.07239,121.3685,33.0,4.1,9.8,0.0,5.1,4.0
1032,林口區,捷運林口站(1號出口),25.06599,121.36251,97.0,11.8,22.7,0.0,0.0,0.0
1033,林口區,文化一路一段190巷口,25.07549,121.37905,10.0,2.5,4.1,0.0,0.0,2.4
1034,林口區,文化一路一段91巷口,25.07048,121.37217,30.0,6.3,12.8,0.0,5.5,4.2
1035,林口區,文化一麗園路2巷口,25.07222,121.37494,18.0,3.6,7.1,0.0,0.0,7.6
1036,林口區,文化三四維路口,25.07979,121.37414,29.0,7.8,13.2,0.0,0.0,4.0
1037,林口區,文化三路一段203號前,25.07039,121.36246,27.0,8.6,10.5,0.0,0.0,14.1
1038,林口區,文化三路一段249巷,25.07204,121.36309,15.0,7.9,7.6,1.5,0.0,17.4
1039,林口區,文化三路一段447巷口,25.07464,121.36821,15.0,5.3,6.5,0.0,0.0,7.5
1040,林口區,文化二路一段260巷口,25.07366,121.37107,14.0,4.5,6.1,0.0,0.0,5.9
1041,林口區,文化二路一段68巷口,25.06812,121.36524,21.0,8.8,10.2,0.0,0.0,19.5
1042,林口區,文化北中華路口,25.09322,121.37874,19.0,1.5,9.5,0.0,7.5,0.0
1043,林口區,文化北忠孝一路口,25.07376,121.36119,18.0,3.5,6.3,0.0,0.0,4.9
1044,林口區,文化北路一段412巷口,25.07659,121.36492,27.0,1.5,8.1,0.0,6.1,13.6
1045,林口區,文化廣場,25.07294,121.36629,30.0,7.5,12.0,0.0,0.0,17.8
1046,林口區,文林公園,25.08711,121.37525,15.0,3.2,6.2,0.0,0.0,2.4
1047,林口區,新北市林口行政園區,25.07,121.36394,56.0,1.6,6.9,0.0,4.9,4.9
1048,林口區,新林國小,25.07079,121.3595,29.0,3.6,10.3,0.0,6.2,1.8
1049,林口區,新麗園社區,25.07005,121.37691,51.0,19.2,31.2,0.0,0.0,3.7
1050,林口區,東明一街121巷,25.06976,121.39018,20.0,2.4,9.9,0.0,7.2,0.0
1051,林口區,東明公園(興林路221巷),25.07195,121.39021,18.0,1.3,6.6,0.0,4.6,0.4
1052,林口區,松柏公園,25.09129,121.37942,10.0,0.7,3.4,0.0,1.4,1.7
1053,林口區,林口仁愛公共托育中心,25.07209,121.37412,18.0,3.9,8.1,0.0,3.6,3.7
1054,林口區,林口區停三停車場,25.0788,121.38918,13.0,4.0,5.9,0.0,0.0,6.1
1055,林口區,林口區公所,25.07674,121.38818,29.0,4.2,9.0,0.0,4.2,0.4
1056,林口區,林口吉祥公園,25.08027,121.37576,29.0,9.5,15.9,0.0,0.0,2.5
1057,林口區,林口國小,25.0805,121.389,24.0,3.8,8.8,0.0,4.4,4.1
1058,林口區,林口國民運動中心,25.08601,121.38093,32.0,2.4,10.6,0.0,7.8,0.1
1059,林口區,林口國民運動中心(文化三路),25.08712,121.37961,20.0,3.1,8.3,0.0,4.7,0.8
1060,林口區,林口夜市(中山路),25.07914,121.38689,11.0,1.8,5.4,0.0,3.4,1.1
1061,林口區,林口婦幼公園,25.07231,121.37752,28.0,10.4,15.3,0.0,0.0,0.7
1062,林口區,林口廣停一停車場,25.07534,121.3722,18.0,3.9,8.9,0.0,4.4,3.2
1063,林口區,林口新創園,25.07583,121.37609,40.0,6.3,8.3,0.0,0.0,0.4
1064,林口區,林口東湖國小,25.07713,121.38195,15.0,2.5,6.6,0.0,3.7,0.6
1065,林口區,林口社區運動公園,25.07411,121.37694,30.0,2.2,7.3,0.0,4.8,1.0
1066,林口區,林口社區運動公園(公園路),25.07447,121.37429,47.0,6.2,18.6,0.0,11.5,2.5
1067,林口區,林口老街,25.07715,121.39378,17.0,4.6,7.0,0.0,0.0,6.4
1068,林口區,林口自強公園,25.0781,121.397,20.0,4.2,6.9,0.0,0.0,2.4
1069,林口區,林口轉運站,25.06687,121.36123,99.0,6.5,36.8,0.0,29.4,0.1
1070,林口區,林口郵局,25.06667,121.36453,25.0,8.8,8.5,1.6,0.0,23.4
1071,林口區,林口高中,25.07384,121.3803,31.0,6.8,7.2,0.6,0.0,0.1
1072,林口區,林口高中(四維路),25.07386,121.38159,23.0,4.4,9.8,0.0,4.8,0.7
1073,林口區,樂活公園,25.06705,121.37612,14.0,0.8,5.7,0.0,3.7,0.1
1074,林口區,樂活公園(文化一路),25.06722,121.36922,26.0,0.3,8.4,0.0,6.4,0.1
1075,林口區,民享中山路口,25.08203,121.38138,12.0,2.6,5.8,0.0,2.8,1.1
1076,林口區,民族仁愛路口,25.07951,121.37068,17.0,5.7,7.8,0.0,0.0,5.4
1077,林口區,民族忠孝路口,25.07484,121.36496,14.0,2.0,5.4,0.0,3.1,1.7
1078,林口區,民視數位媒體總部,25.07987,121.37925,30.0,6.0,14.7,0.0,7.8,0.4
1079,林口區,湖北市民活動中心,25.09612,121.3867,10.0,1.0,4.6,0.0,2.6,0.6
1080,林口區,湖南市民活動中心,25.08428,121.37432,26.0,4.6,14.1,0.0,8.8,0.6
1081,林口區,湖子和福宮,25.0926,121.38847,15.0,2.5,8.7,0.0,5.9,0.0
1082,林口區,立功公園,25.06763,121.35858,14.0,5.0,6.5,0.0,0.0,7.6
1083,林口區,立德公園,25.07639,121.36762,30.0,7.4,16.9,0.0,8.3,0.4
1084,林口區,立言公園,25.07324,121.36281,31.0,4.7,12.4,0.0,7.0,2.7
1085,林口區,竹林一文化一路口,25.08565,121.38538,15.0,3.6,7.2,0.0,3.1,1.1
1086,林口區,竹林山觀音寺,25.08452,121.38983,20.0,2.1,9.5,0.0,7.1,0.1
1087,林口區,築禾樂社區,25.08859,121.38552,15.0,1.8,7.3,0.0,5.2,0.3
1088,林口區,興林路151巷口,25.07345,121.389175,25.0,5.4,7.7,0.0,0.0,0.0
1089,林口區,西林簡易籃球場,25.07511,121.38133,16.0,3.9,5.7,0.0,0.0,0.7
1090,林口區,足夢運動公園,25.07562,121.39643,15.0,4.6,6.3,0.0,0.0,8.5
1091,林口區,醒吾科技大學(粉寮路),25.08048,121.39804,26.0,4.3,10.8,0.0,5.8,0.6
1092,林口區,頭湖國小,25.08167,121.37268,27.0,6.5,13.2,0.0,5.8,1.0
1093,林口區,麗林公有市場,25.06912,121.36776,28.0,13.6,16.4,0.0,0.0,5.9
1094,樹林區,?寮公園,25.00694,121.41264,12.0,1.7,2.8,0.0,0.0,1.3
1095,樹林區,三俊街65巷口,25.01585,121.41359,15.0,4.9,2.9,2.8,0.0,9.9
1096,樹林區,三多國小,25.01638,121.40701,26.0,9.1,14.4,0.0,0.0,9.0
1097,樹林區,三多第1市民活動中心,25.01637,121.40426,27.0,6.9,10.5,0.0,0.0,8.9
1098,樹林區,三鶯分區區務辦公室,24.99007,121.41691,15.0,4.7,7.9,0.0,0.0,5.1
1099,樹林區,中山八德街口,24.98511,121.41761,20.0,4.6,7.9,0.0,0.0,9.9
1100,樹林區,中山大安路口,24.98286,121.41182,30.0,2.2,9.2,0.0,6.7,1.8
1101,樹林區,中山新興街口,24.97512,121.40049,30.0,3.2,13.5,0.0,9.9,0.3
1102,樹林區,中山立仁街口,24.9886,121.42178,21.0,3.6,5.3,0.0,0.0,11.2
1103,樹林區,中正保安街三段口,25.01239,121.41274,11.0,3.1,4.0,0.0,0.0,21.3
1104,樹林區,中正千歲街口,24.99948,121.42756,17.0,3.1,7.7,0.0,4.1,3.2
1105,樹林區,中正路248巷口,25.00717,121.41774,10.0,2.5,3.9,0.0,0.0,4.2
1106,樹林區,中華路12巷口,24.982609,121.42111,20.0,0.5,5.2,0.0,3.2,0.7
1107,樹林區,中華路379巷口,24.97986,121.41239,14.0,0.9,5.4,0.0,3.4,0.1
1108,樹林區,佳園大成路口,24.94487,121.38362,14.0,3.7,6.2,0.0,0.0,1.1
1109,樹林區,佳園學成路口,24.94695,121.385,22.0,2.5,9.4,0.0,6.6,0.7
1110,樹林區,佳園路三段101巷80弄口,24.94984,121.39488,15.0,1.2,7.9,0.0,5.9,0.0
1111,樹林區,俊興三龍街口,25.01713,121.41828,21.0,3.3,1.8,2.0,0.0,15.1
1112,樹林區,俊興俊安街口,25.01187,121.41691,15.0,1.1,7.0,0.0,5.0,0.0
1113,樹林區,俊英俊保路口,25.0091,121.42487,20.0,6.9,3.9,4.0,0.0,1.0
1114,樹林區,俊英大安路口,25.00379,121.42818,14.0,3.5,3.3,0.8,0.0,0.7
1115,樹林區,俊英街125巷口,25.0108,121.42446,15.0,2.7,2.6,0.0,0.0,14.1
1116,樹林區,俊英街219巷口,25.01294,121.42365,17.0,3.1,6.4,0.0,2.9,6.1
1117,樹林區,保安立體停車場,24.99334,121.42652,12.0,1.7,4.6,0.0,2.6,1.0
1118,樹林區,億光電子(樹林高中),24.98356,121.4236,41.0,3.1,6.5,0.0,3.0,2.1
1119,樹林區,光華公園,25.00557,121.41306,25.0,3.1,9.2,0.0,5.6,2.3
1120,樹林區,全球傳動科技公司,25.0073,121.41496,20.0,5.6,7.0,0.0,0.0,0.0
1121,樹林區,八德中華路口,24.98144,121.42002,15.0,3.1,7.2,0.0,3.7,1.0
1122,樹林區,八德街東豐街口,24.97427,121.41946,12.0,2.2,5.0,0.0,2.5,0.6
1123,樹林區,南樹林火車站,24.9802,121.409,20.0,7.4,8.5,0.0,0.0,4.7
1124,樹林區,味王街,24.9747,121.404,26.0,2.3,7.3,0.0,4.6,8.1
1125,樹林區,四維八德街口,24.98018,121.42107,15.0,1.9,6.0,0.0,3.8,3.5
1126,樹林區,四維國凱街口(立天下社區),24.97934,121.42241,44.0,7.3,11.9,0.0,0.0,9.9
1127,樹林區,大同國小,24.98114,121.41683,30.0,10.8,16.0,0.0,0.0,5.6
1128,樹林區,大安文化街口,24.98962,121.41595,21.0,4.4,6.9,0.0,0.0,8.2
1129,樹林區,大成學士路口,24.94768,121.38196,17.0,5.6,8.6,0.0,0.0,0.0
1130,樹林區,大雅佳園路口,24.94447,121.38067,14.0,3.3,5.5,0.0,0.0,3.2
1131,樹林區,學勤大有路口,24.94864,121.38399,18.0,3.6,7.2,0.0,3.1,2.0
1132,樹林區,學府大成路口,24.9509,121.38139,14.0,1.9,6.5,0.0,4.3,0.0
1133,樹林區,學府大雅路口,24.95041,121.37901,15.0,4.2,4.8,0.0,0.0,9.2
1134,樹林區,學成大成路口,24.94587,121.38236,37.0,10.0,20.0,0.0,8.6,0.7
1135,樹林區,學成大義路口,24.9453,121.37838,33.0,8.5,14.6,0.0,0.0,0.8
1136,樹林區,山佳火車站,24.97271,121.39317,25.0,2.0,8.3,0.0,6.0,0.1
1137,樹林區,彭厝市場,24.97848,121.41828,22.0,6.4,9.8,0.0,0.0,7.8
1138,樹林區,彭厝里(福順街),24.97757,121.41641,15.0,7.7,9.2,0.0,0.0,8.1
1139,樹林區,彭福國小,24.9804,121.4233,40.0,8.8,18.2,0.0,8.1,3.4
1140,樹林區,文林國小,24.9979,121.426,23.0,11.4,9.6,3.5,0.0,11.4
1141,樹林區,文林國小(潭興街),24.99828,121.42462,44.0,11.4,20.2,0.0,0.0,4.1
1142,樹林區,新北市立圖書館樹林東昇分館,24.98379,121.41503,20.0,2.1,9.2,0.0,6.8,0.1
1143,樹林區,東大街,24.97563,121.40947,15.0,1.4,6.9,0.0,4.9,0.0
1144,樹林區,東興街,24.97872,121.40999,15.0,1.0,5.4,0.0,3.4,0.6
1145,樹林區,東豐街85巷口,24.97375,121.41016,12.0,3.1,5.0,0.0,0.0,1.4
1146,樹林區,東陽市民活動中心,24.98205,121.41224,30.0,4.3,13.9,0.0,9.0,1.4
1147,樹林區,東順街36巷口,24.97831,121.41149,11.0,0.7,3.6,0.0,1.6,0.4
1148,樹林區,柑園五里聯合活動中心,24.95096,121.38646,25.0,2.2,9.1,0.0,6.7,0.1
1149,樹林區,柑園國小,24.95615,121.38966,14.0,1.5,7.3,0.0,5.3,0.0
1150,樹林區,柑園街一段51巷口,24.96029,121.40316,18.0,1.2,8.9,0.0,6.9,0.1
1151,樹林區,柑園街二段363巷口,24.94909,121.36809,12.0,1.7,5.5,0.0,3.5,0.1
1152,樹林區,森林公園,24.94819,121.37975,30.0,6.8,13.6,0.0,0.0,0.1
1153,樹林區,樹林區公所,24.98976,121.42477,37.0,17.4,20.6,0.0,0.0,0.0
1154,樹林區,樹林區第三平面停車場,24.98928,121.41107,13.0,1.1,4.9,0.0,2.9,2.7
1155,樹林區,樹林國小,24.98886,121.41765,24.0,10.7,11.6,0.7,0.0,13.8
1156,樹林區,樹林國民運動中心,25.0042,121.42285,25.0,2.3,7.6,0.0,4.9,0.0
1157,樹林區,樹林大安活動中心,24.98636,121.41489,44.0,8.6,19.1,0.0,9.1,0.4
1158,樹林區,樹林大安站,24.99738,121.42181,66.0,2.7,16.2,0.0,13.0,0.3
1159,樹林區,樹林工業區,25.00088,121.41608,33.0,4.5,12.6,0.0,7.5,0.0
1160,樹林區,樹林火車站(後站),24.9917,121.42417,65.0,31.6,34.1,2.3,0.0,0.0
1161,樹林區,樹林藝文綜合行政大樓,24.99602,121.42949,39.0,2.3,7.6,0.0,5.0,2.3
1162,樹林區,樹林藝文綜合行政大樓停車場,24.99636,121.42853,18.0,4.7,5.6,0.0,0.0,16.2
1163,樹林區,民生親子公園,24.99298,121.42819,20.0,4.5,7.7,0.0,0.0,7.1
1164,樹林區,獇寮公園,25.00694,121.41264,12.0,0.8,4.5,0.0,2.5,1.0
1165,樹林區,福順街,24.97913,121.41555,13.0,3.8,6.3,0.0,0.0,7.6
1166,樹林區,育德國小,24.97062,121.3925,20.0,2.6,7.5,0.0,4.5,4.8
1167,樹林區,臺鐵樹林車站(後站停車場),24.99089,121.42384,64.0,0.2,12.4,0.0,10.4,0.0
1168,樹林區,鎮前街347巷口,24.98419,121.41638,16.0,2.7,8.0,0.0,4.9,1.4
1169,樹林區,長壽親子公園,24.9917,121.42203,26.0,7.6,9.5,0.0,0.0,14.1
1170,樹林區,鹿角溪公園,24.97151,121.39591,13.0,1.6,5.7,0.0,3.7,3.2
1171,永和區,上林里(環河東路一段),25.015,121.52095,42.0,19.1,23.8,0.0,0.0,9.9
1172,永和區,中信停車場(中興街),25.01228,121.51864,17.0,6.4,5.9,1.4,0.0,28.7
1173,永和區,中山路一段17巷口,25.01039,121.51375,11.0,3.5,4.1,0.0,0.0,10.6
1174,永和區,中正橋,25.01776,121.51681,40.0,9.1,24.9,0.0,14.5,0.1
1175,永和區,中正橋(環河西路一段),25.01803,121.51553,24.0,3.8,6.7,0.0,0.0,5.2
1176,永和區,中正路242巷口,24.99816,121.51634,13.0,4.0,4.9,0.0,0.0,10.2
1177,永和區,中正路465巷,25.00587,121.51591,17.0,5.7,3.4,3.2,0.0,21.2
1178,永和區,中正路666巷口,25.00913,121.51917,10.0,0.0,0.0,0.0,0.0,100.0
1179,永和區,仁愛信義路口,25.01329,121.51269,20.0,3.9,6.6,0.0,0.0,2.0
1180,永和區,仁愛公園,25.00952,121.50542,79.0,13.8,27.0,0.0,0.0,0.1
1181,永和區,仁愛公園(仁愛路),25.01138,121.50796,15.0,8.9,6.5,3.7,0.0,5.9
1182,永和區,仁愛路306巷18弄口,25.00888,121.50303,13.0,10.5,6.5,5.6,0.0,22.6
1183,永和區,仁愛路40巷口,25.01346,121.51416,23.0,13.7,10.1,5.7,0.0,2.3
1184,永和區,保安保福路二段口,25.01497,121.5087,14.0,7.9,6.0,3.1,0.0,29.2
1185,永和區,保安永平路口,25.01233,121.50604,47.0,25.3,29.5,0.0,0.0,10.0
1186,永和區,保平永和路一段口,25.00746,121.5134,14.0,4.4,5.1,0.0,0.0,13.1
1187,永和區,保平路214巷,25.00701,121.50921,25.0,9.0,9.0,1.3,0.0,11.6
1188,永和區,保平路268巷,25.00532,121.50857,13.0,3.7,4.4,0.0,0.0,8.6
1189,永和區,保福保福路二段133巷口,25.01422,121.5097,14.0,8.2,5.4,4.1,0.0,30.8
1190,永和區,保順環河西路口,25.01135,121.50285,69.0,24.0,43.4,0.0,0.0,0.4
1191,永和區,名利橋,25.00785,121.50099,39.0,17.0,22.9,0.0,0.0,6.4
1192,永和區,忠孝活動中心,25.01677,121.51528,28.0,6.7,9.7,0.0,0.0,9.9
1193,永和區,捷運頂溪站(2號出口),25.01424,121.51549,15.0,10.7,7.7,4.6,0.0,1.7
1194,永和區,捷運頂溪站(中興街),25.01223,121.51526,48.0,15.9,14.5,3.9,0.0,0.0
1195,永和區,捷運頂溪站(復興街1巷),25.0131,121.51544,15.0,5.7,8.6,0.0,0.0,1.6
1196,永和區,民權社區活動中心,24.99778,121.51968,35.0,12.8,15.4,0.0,0.0,6.9
1197,永和區,永和勵行街口,25.01455,121.51583,10.0,2.2,3.9,0.0,0.0,2.3
1198,永和區,永和區公所公有新生市場,25.01402,121.50704,12.0,0.0,0.0,0.0,0.0,100.0
1199,永和區,永和國中(國中路),25.00674,121.52269,15.0,10.4,9.8,2.2,0.0,7.2
1200,永和區,永和國小,25.00227,121.51744,42.0,6.8,17.6,0.0,9.8,0.3
1201,永和區,永和國民運動中心,25.00317,121.52407,53.0,10.0,28.4,0.0,16.9,0.0
1202,永和區,永和國父紀念館,25.00839,121.52023,30.0,12.6,9.3,5.2,0.0,15.1
1203,永和區,永和耕莘醫院,25.01123,121.5177,32.0,11.0,11.2,1.5,0.0,10.0
1204,永和區,永和自由街,25.0052,121.51334,32.0,7.6,12.5,0.0,0.0,5.5
1205,永和區,永平高中,25.00979,121.50909,40.0,11.2,8.7,4.2,0.0,4.1
1206,永和區,永成市民活動中心,25.0173,121.5101,12.0,3.8,5.1,0.0,0.0,18.1
1207,永和區,永福橋,25.01003,121.52418,70.0,36.4,44.6,0.0,0.0,12.6
1208,永和區,永貞水源街口,25.00492,121.5117,12.0,3.2,4.7,0.0,0.0,7.1
1209,永和區,環河民樂街59巷26弄口,24.99798,121.52844,15.0,6.0,6.6,0.3,0.0,10.9
1210,永和區,環河西路一段95巷口,25.01783,121.51196,35.0,18.9,19.6,2.2,0.0,14.8
1211,永和區,環河西路二段217巷口,25.01016,121.50109,17.0,10.5,8.7,3.4,0.0,10.5
1212,永和區,瓦?截流站,25.009,121.49972,11.0,3.7,5.1,0.0,0.0,5.5
1213,永和區,瓦磘截流站,25.009,121.49972,11.0,2.5,6.3,0.0,3.5,3.5
1214,永和區,福和國中,25.00595,121.52093,63.0,12.6,16.5,0.0,0.0,0.8
1215,永和區,福和國中(永利路),25.00432,121.52033,22.0,7.1,12.0,0.0,0.0,0.4
1216,永和區,福和國中停車場,25.00501,121.52267,48.0,14.2,22.6,0.0,0.0,0.0
1217,永和區,福和橋,25.00454,121.52785,41.0,18.5,25.6,0.0,0.0,4.0
1218,永和區,福和自強街28巷口,25.00725,121.51572,19.0,8.3,7.4,2.1,0.0,15.5
1219,永和區,福和路7巷口,25.00854,121.52473,35.0,21.0,18.2,5.9,0.0,16.2
1220,永和區,秀得里(成功路二段),25.00071,121.52673,28.0,17.4,18.7,1.4,0.0,4.9
1221,永和區,秀朗國小,24.99896,121.52278,48.0,16.2,28.7,0.0,0.0,1.8
1222,永和區,秀朗路二段24巷16弄24號,25.00239,121.52007,14.0,5.8,5.2,1.5,0.0,5.9
1223,永和區,雙和公園,25.00229,121.50883,11.0,4.7,5.1,0.3,0.0,4.1
1224,永和區,雙和橋,25.00573,121.50574,39.0,10.3,15.0,0.0,0.0,7.5
1225,永和區,頂溪國小,25.01581,121.51126,44.0,15.9,16.6,1.7,0.0,24.6
1226,永和區,頂溪國小地下停車場,25.01452,121.51057,13.0,6.6,5.0,2.6,0.0,32.6
1227,汐止區,下街福德宮,25.06807,121.65555,19.0,2.0,5.9,0.0,3.6,5.2
1228,汐止區,世貿國家公園社區,25.07289,121.65865,20.0,5.1,9.0,0.0,0.0,2.8
1229,汐止區,中興工建路口,25.06128,121.63535,20.0,1.9,4.3,0.0,2.0,4.1
1230,汐止區,中興福德三路口,25.06641,121.63077,10.0,5.2,4.5,1.5,0.0,14.8
1231,汐止區,中華街57巷口,25.07148,121.66763,17.0,3.7,6.1,0.0,0.0,7.2
1232,汐止區,五堵橋下籃球場,25.07553,121.66558,17.0,6.5,6.8,0.7,0.0,12.4
1233,汐止區,五堵火車站,25.07823,121.66764,66.0,13.2,21.1,0.0,0.0,0.0
1234,汐止區,五堵車站(長安路),25.07813,121.66821,13.0,3.7,6.1,0.0,0.0,1.1
1235,汐止區,仁愛路151巷口,25.0652,121.6641,59.0,19.7,20.9,1.7,0.0,6.9
1236,汐止區,伯爵山莊第二期(康寧街),25.07299,121.6384,15.0,2.6,5.5,0.0,2.5,0.8
1237,汐止區,保長公園,25.07952,121.67434,66.0,17.5,34.2,0.0,0.0,0.0
1238,汐止區,保長路51巷口,25.0784,121.67382,21.0,6.5,7.0,0.5,0.0,5.4
1239,汐止區,北港國小,25.08903,121.64595,20.0,2.7,8.9,0.0,5.8,2.5
1240,汐止區,南興公園,25.05978,121.65255,32.0,9.9,10.6,0.8,0.0,18.8
1241,汐止區,原住民族公園,25.07122,121.64162,23.0,0.1,11.3,0.0,9.3,0.0
1242,汐止區,原興廣場,25.06507,121.63304,49.0,13.6,15.4,0.2,0.0,11.6
1243,汐止區,台灣科學園區,25.05793,121.63496,54.0,5.6,13.6,0.0,7.2,0.0
1244,汐止區,台練橋,25.07201,121.6627,14.0,6.7,6.0,1.8,0.0,11.6
1245,汐止區,同興大同路口,25.05981,121.63882,30.0,0.0,0.0,0.0,0.0,100.0
1246,汐止區,同興工建路口,25.06249,121.63682,20.0,4.6,5.8,0.0,0.0,9.6
1247,汐止區,啟德橋(招商街),25.06786,121.66801,19.0,9.2,9.1,1.5,0.0,10.2
1248,汐止區,國泰綜合醫院,25.07315,121.66256,44.0,16.6,14.7,4.4,0.0,4.1
1249,汐止區,大同建成路口,25.07258,121.66558,30.0,5.7,10.2,0.0,0.0,4.1
1250,汐止區,大同路三段148號,25.07617,121.67296,19.0,8.2,9.1,0.3,0.0,0.0
1251,汐止區,崇德國小,25.06938,121.66979,47.0,7.5,9.5,0.0,0.0,10.6
1252,汐止區,崇德橋東活動中心,25.07051,121.667,22.0,8.5,8.3,1.4,0.0,15.4
1253,汐止區,工建樟樹一路口,25.06319,121.64112,44.0,5.0,11.2,0.0,5.4,3.1
1254,汐止區,康寧街307巷,25.06809,121.62697,28.0,6.2,10.4,0.0,0.0,3.7
1255,汐止區,康福公園,25.06894,121.63748,28.0,8.2,10.2,0.0,0.0,7.2
1256,汐止區,建成段平面停車場,25.07336,121.66542,15.0,1.2,4.7,0.0,2.7,2.1
1257,汐止區,建成路142巷口,25.07335,121.66255,53.0,14.7,17.1,0.0,0.0,4.0
1258,汐止區,忠孝東路382巷口,25.07001,121.66552,22.0,0.8,6.1,0.0,4.1,1.6
1259,汐止區,忠山市民活動中心,25.0782,121.62449,38.0,3.1,21.4,0.0,17.9,0.0
1260,汐止區,文化白雲公園,25.05688,121.65521,76.0,24.3,27.3,0.7,0.0,23.2
1261,汐止區,春之霖社區,25.0794,121.6625,11.0,0.8,5.2,0.0,3.2,1.3
1262,汐止區,東勢宜興活動中心,25.03881,121.62429,33.0,8.9,17.6,0.0,0.0,2.7
1263,汐止區,東方科學園區,25.06126,121.64951,63.0,0.2,8.6,0.0,6.6,0.3
1264,汐止區,樟樹一山光路口,25.070295,121.64286,30.0,8.5,14.6,0.0,0.0,2.0
1265,汐止區,樟樹國小,25.06693,121.64039,50.0,10.5,18.3,0.0,0.0,0.3
1266,汐止區,樟樹國小(樟樹一路145巷口),25.06735,121.6424,20.0,6.1,4.7,2.3,0.0,14.0
1267,汐止區,樟江大橋,25.07578,121.64481,13.0,2.8,5.0,0.0,0.0,8.2
1268,汐止區,橋東里(忠孝東路),25.07368,121.66626,36.0,6.5,12.4,0.0,0.0,4.9
1269,汐止區,民族二街明峰街口,25.07105,121.63502,22.0,5.0,10.6,0.0,4.8,0.3
1270,汐止區,水蓮山莊,25.07797,121.6301,22.0,1.1,6.6,0.0,4.6,0.7
1271,汐止區,水返腳公園,25.06813,121.65901,28.0,3.7,8.8,0.0,4.6,0.0
1272,汐止區,汐止公園,25.06781,121.65964,10.0,0.0,0.0,0.0,0.0,100.0
1273,汐止區,汐止區公所,25.06416,121.6583,32.0,2.1,8.7,0.0,6.3,0.6
1274,汐止區,汐止區綜合運動場,25.06624,121.65907,34.0,0.0,0.0,0.0,0.0,100.0
1275,汐止區,汐止區農會附設老人活動中心,25.09705,121.64241,16.0,0.3,7.4,0.0,5.4,0.0
1276,汐止區,汐止國小,25.06612,121.65433,18.0,6.5,6.8,0.6,0.0,7.9
1277,汐止區,汐止國民運動中心,25.06538,121.65693,12.0,3.4,3.1,0.9,0.0,7.2
1278,汐止區,汐止國民運動中心游泳池(忠孝東路),25.06416,121.65726,12.0,2.9,5.5,0.0,0.0,2.5
1279,汐止區,汐止火車站,25.06891,121.66275,56.0,18.8,20.5,1.1,0.0,0.0
1280,汐止區,汐止火車站停車場,25.06795,121.66168,99.0,31.2,39.0,0.0,0.0,0.0
1281,汐止區,汐科火車站(北),25.06426,121.65294,76.0,16.0,27.7,0.0,0.0,0.0
1282,汐止區,汐科火車站(南),25.062744,121.64684,77.0,6.6,19.7,0.0,12.1,0.4
1283,汐止區,汐萬康寧街口,25.07479,121.65023,13.0,1.2,4.8,0.0,2.8,1.7
1284,汐止區,汐萬抽水站,25.0827,121.64843,9.0,1.0,3.7,0.0,1.7,1.7
1285,汐止區,汐萬路一段343巷,25.07716,121.64971,16.0,1.7,6.1,0.0,4.1,0.0
1286,汐止區,江北二橋,25.06997,121.65297,32.0,1.5,6.9,0.0,4.9,1.6
1287,汐止區,湖光市民活動中心,25.06849,121.63362,16.0,1.1,6.0,0.0,4.0,1.1
1288,汐止區,濱湖大第(康寧街),25.07225,121.63758,20.0,1.6,6.5,0.0,4.5,0.7
1289,汐止區,白雲國小,25.04758,121.61889,43.0,17.9,22.4,0.0,0.0,10.9
1290,汐止區,矽谷園區,25.06227,121.63447,48.0,3.0,8.3,0.0,4.8,4.1
1291,汐止區,福德一路201巷口(福德ONE社區),25.06575,121.6351,37.0,13.5,19.3,0.0,0.0,12.3
1292,汐止區,福德一路392巷41弄口,25.06314,121.62637,20.0,3.4,8.1,0.0,4.2,0.0
1293,汐止區,福德一路392巷口,25.06098,121.62754,20.0,7.2,7.3,1.0,0.0,0.1
1294,汐止區,福德二路19巷口,25.06841,121.63533,12.0,2.3,5.9,0.0,3.3,2.4
1295,汐止區,秀峰國小(仁愛路106巷),25.06266,121.66294,16.0,7.7,5.8,3.1,0.0,7.3
1296,汐止區,秀峰高中(忠孝東路),25.06635,121.66172,16.0,6.3,6.0,1.2,0.0,0.6
1297,汐止區,茄苳茄福街口,25.06723,121.673,15.0,5.4,5.7,0.5,0.0,15.1
1298,汐止區,華城橋（康寧街61巷）,25.06833,121.61988,30.0,8.4,17.6,0.0,7.9,1.3
1299,汐止區,蘭庭序大廈,25.07207,121.65207,30.0,3.5,9.6,0.0,5.6,5.9
1300,汐止區,連興龍安路口,25.06299,121.65443,70.0,4.4,14.0,0.0,9.0,1.0
1301,汐止區,金龍公園,25.06947,121.63153,42.0,10.8,21.2,0.0,0.0,1.1
1302,汐止區,金龍國小,25.0691,121.62867,29.0,6.4,10.0,0.0,0.0,2.4
1303,汐止區,長安橋(吉祥街12巷),25.08033,121.66846,43.0,7.9,22.3,0.0,13.2,0.6
1304,汐止區,長興橋,25.08055,121.67187,15.0,5.0,4.9,0.8,0.0,11.3
1305,汐止區,長興街二段62號,25.08192,121.67449,13.0,7.0,4.3,3.7,0.0,8.2
1306,汐止區,雍和科學園區,25.05808,121.62602,33.0,6.5,11.7,0.0,0.0,0.1
1307,汐止區,青山國民中小學,25.06103,121.65559,56.0,12.0,20.1,0.0,0.0,5.4
1308,泰山區,台北花園廣場社區,25.0641,121.426,20.0,3.0,9.8,0.0,6.4,0.4
1309,泰山區,台貿三村停車場,25.06712,121.43169,15.0,2.5,8.2,0.0,5.3,1.4
1310,泰山區,台麗街13巷,25.03829,121.42464,22.0,11.0,10.6,2.1,0.0,8.2
1311,泰山區,同興公園,25.0552,121.432,26.0,6.2,8.9,0.0,0.0,1.8
1312,泰山區,和平楓樹街口(和平公園),25.06456,121.43507,15.0,0.3,7.0,0.0,5.0,0.0
1313,泰山區,山腳停車場,25.06515,121.42904,15.0,2.0,5.5,0.0,3.2,5.2
1314,泰山區,捷運泰山站,25.0531,121.44,37.0,18.9,21.3,0.5,0.0,0.0
1315,泰山區,捷運泰山站(4號出口),25.05313,121.43909,26.0,9.1,12.5,0.0,0.0,0.3
1316,泰山區,捷運泰山貴和站,25.03319,121.42222,45.0,18.2,16.7,4.3,0.0,2.1
1317,泰山區,文中一平面停車場,25.04512,121.42845,20.0,2.5,9.8,0.0,6.9,1.3
1318,泰山區,新五泰國民運動中心,25.05582,121.43427,28.0,7.0,12.5,0.0,0.0,2.0
1319,泰山區,新北大道幸福路口(大道鎏域社區),25.04934,121.43671,40.0,8.1,15.3,0.0,0.0,4.5
1320,泰山區,明志國小,25.04573,121.42627,40.0,11.8,19.5,0.0,0.0,5.8
1321,泰山區,明志科技大學,25.04043,121.42255,45.0,2.9,10.7,0.0,7.3,0.8
1322,泰山區,明志貴鳳街口,25.03124,121.42108,17.0,3.5,5.5,0.0,0.0,1.6
1323,泰山區,楓樹腳公園,25.062,121.43498,20.0,1.8,7.3,0.0,5.3,1.0
1324,泰山區,泰山國小,25.06252,121.43119,20.0,1.7,9.0,0.0,7.0,1.1
1325,泰山區,泰山體育館,25.05513,121.42766,15.0,0.9,4.6,0.0,2.6,2.4
1326,泰山區,泰山高中,25.058,121.42886,20.0,3.9,8.5,0.0,4.1,3.4
1327,泰山區,義仁市民活動中心,25.05048,121.42767,20.0,6.3,10.3,0.0,0.0,1.4
1328,泰山區,義學國小,25.05176,121.43167,25.0,4.3,9.6,0.0,4.6,0.4
1329,泰山區,莊泰坡雅路口(沐光社區),25.04633,121.43938,40.0,16.6,26.2,0.0,0.0,4.2
1330,泰山區,莊泰義東街口(新潤A5社區),25.05025,121.43911,40.0,1.9,10.6,0.0,8.4,1.3
1331,泰山區,莊田信華三街口(潤見築社區),25.04303,121.43981,40.0,11.3,17.3,0.0,0.0,4.4
1332,泰山區,貴和市民活動中心,25.035,121.422,20.0,3.4,7.5,0.0,3.7,1.4
1333,泰山區,貴子路36巷3弄口,25.04137,121.42591,12.0,8.8,5.3,4.8,0.0,32.9
1334,淡水區,中山北新春街口,25.18035,121.44474,49.0,12.7,24.5,0.0,0.0,3.8
1335,淡水區,中正東路一段81巷,25.16205,121.45311,15.0,1.3,7.3,0.0,5.3,0.0
1336,淡水區,中正淡海路口,25.17779,121.42422,15.0,1.6,6.8,0.0,4.8,0.6
1337,淡水區,大庄一號公園,25.18201,121.42212,35.0,4.1,12.6,0.0,8.0,0.8
1338,淡水區,大庄福德宮,25.1883,121.42796,15.0,1.4,6.7,0.0,4.7,1.6
1339,淡水區,崁頂三後洲路一段路口,25.20158,121.42972,20.0,0.6,9.1,0.0,7.1,0.0
1340,淡水區,崁頂三路,25.20081,121.43177,15.0,2.8,6.9,0.0,3.6,3.2
1341,淡水區,崁頂市民活動中心,25.19772,121.4287,20.0,2.4,8.9,0.0,6.2,0.8
1342,淡水區,崁頂林子福德宮,25.19959,121.43038,15.0,2.7,7.0,0.0,3.9,1.6
1343,淡水區,捷運淡水站,25.16883,121.44418,98.0,13.9,25.2,0.0,0.0,0.4
1344,淡水區,捷運淡水站(中正東路),25.16771,121.44684,40.0,12.3,21.8,0.0,0.0,0.0
1345,淡水區,捷運淡水站(中正鼻頭街口),25.1667,121.44675,14.0,4.3,6.5,0.0,0.0,1.3
1346,淡水區,捷運竹圍站,25.13717,121.46023,54.0,6.1,13.8,0.0,6.8,0.1
1347,淡水區,捷運紅樹林站,25.15358,121.45912,44.0,2.5,11.6,0.0,8.7,1.8
1348,淡水區,文中四公園,25.1854,121.4235,20.0,1.4,8.5,0.0,6.5,0.3
1349,淡水區,文化機車立體停車場,25.17249,121.43881,34.0,4.8,11.7,0.0,6.1,4.2
1350,淡水區,新市一中山北路口,25.18296,121.44412,14.0,3.0,7.4,0.0,3.9,3.8
1351,淡水區,新市一路一段256巷口,25.18665,121.43273,21.0,3.7,8.0,0.0,3.7,6.6
1352,淡水區,新市一路一段331巷/義山路一段163巷口(東南側),25.18731,121.43596,15.0,1.9,7.2,0.0,5.0,1.0
1353,淡水區,新市一路一段99巷口,25.18796,121.43109,38.0,7.8,18.9,0.0,9.9,0.3
1354,淡水區,新市三崁頂三路口,25.19691,121.43063,20.0,2.9,8.4,0.0,5.1,0.6
1355,淡水區,新市三崁頂五路口,25.19897,121.42526,18.0,3.0,10.5,0.0,7.1,0.3
1356,淡水區,新市三義山路口,25.19569,121.4366,38.0,13.3,18.2,0.0,0.0,6.4
1357,淡水區,新市二後洲路口,25.19638,121.42507,16.0,1.5,7.5,0.0,5.5,0.0
1358,淡水區,新市二路三段/濱海路二段202巷口,25.19343,121.43482,15.0,2.2,5.6,0.0,3.1,1.7
1359,淡水區,新市二路三段36巷口,25.19301,121.43302,22.0,2.3,8.9,0.0,6.3,1.3
1360,淡水區,新市二路二段,25.19524,121.42793,26.0,2.2,12.1,0.0,9.5,0.0
1361,淡水區,新市二路四段,25.19254,121.44185,25.0,3.2,12.1,0.0,8.5,0.8
1362,淡水區,新市二路四段230巷,25.19087,121.44564,22.0,1.4,9.9,0.0,7.9,1.1
1363,淡水區,新市五義山路口,25.19783,121.43878,60.0,4.0,12.6,0.0,8.1,2.7
1364,淡水區,新市六後洲路口,25.20285,121.4307,15.0,2.9,7.3,0.0,4.0,3.2
1365,淡水區,新市國小,25.185184,121.44444,29.0,2.8,6.0,0.0,2.8,10.3
1366,淡水區,新春街125巷(樂活?社區),25.1827,121.44155,29.0,3.2,7.2,0.0,3.6,6.1
1367,淡水區,新春街125巷(樂活绽社區),25.1827,121.44155,29.0,1.2,11.1,0.0,9.1,1.7
1368,淡水區,新民新春街口,25.18123,121.43567,20.0,3.7,7.4,0.0,0.0,11.0
1369,淡水區,新民街120巷,25.17808,121.43834,15.0,3.5,5.8,0.0,0.0,2.5
1370,淡水區,新民街一段(台北灣社區),25.18536,121.43187,21.0,4.9,12.3,0.0,6.7,2.0
1371,淡水區,正德國中,25.17851,121.44787,40.0,4.2,14.8,0.0,9.9,2.0
1372,淡水區,民族路33巷,25.13604,121.46346,12.0,3.1,7.1,0.0,3.5,2.4
1373,淡水區,民權路3巷12弄口,25.14288,121.46151,21.0,2.3,10.1,0.0,7.4,0.7
1374,淡水區,水碓立體停車場,25.17865,121.44423,15.0,3.4,6.9,0.0,3.0,5.5
1375,淡水區,水管公園,25.19366,121.42059,15.0,1.4,6.9,0.0,4.9,0.3
1376,淡水區,沙崙新民街口,25.18832,121.4296,21.0,4.8,12.3,0.0,6.9,0.3
1377,淡水區,沙崙路151巷口,25.18345,121.42386,26.0,2.0,11.5,0.0,9.2,0.3
1378,淡水區,沙崙路216巷口,25.18428,121.42508,20.0,2.9,9.8,0.0,6.5,0.7
1379,淡水區,淡水中正路停車場,25.17308,121.43586,24.0,3.5,8.2,0.0,4.2,0.4
1380,淡水區,淡水公23公園,25.19985,121.42891,20.0,1.8,7.1,0.0,5.0,1.4
1381,淡水區,淡水國民運動中心,25.1865,121.44326,36.0,3.3,9.7,0.0,5.9,0.0
1382,淡水區,淡水新市鎮兒童公園,25.18509,121.44227,15.0,1.4,7.0,0.0,5.0,1.0
1383,淡水區,淡水老街廣場,25.16891,121.44428,28.0,11.1,17.4,0.0,0.0,0.3
1384,淡水區,淡水行政中心,25.18696,121.44407,10.0,3.5,3.8,0.3,0.0,0.1
1385,淡水區,淡水轉運站,25.17915,121.42153,50.0,0.7,23.8,0.0,21.8,0.0
1386,淡水區,淡江大學(水源街),25.17457,121.45236,29.0,8.7,12.7,0.0,0.0,8.6
1387,淡水區,淡江大橋橋管中心,25.17964,121.42002,40.0,0.8,23.8,0.0,21.8,0.0
1388,淡水區,淡江教會文教中心,25.19548,121.42311,15.0,1.3,6.9,0.0,4.9,0.0
1389,淡水區,淡海路182巷口,25.18459,121.42044,15.0,2.0,8.0,0.0,5.6,0.0
1390,淡水區,淡金路38巷尾,25.16083,121.4579,10.0,5.0,4.3,1.5,0.0,17.2
1391,淡水區,滬尾藝文休閒園區,25.17594,121.42851,28.0,1.2,8.0,0.0,6.0,0.7
1392,淡水區,漁人碼頭,25.18387,121.41118,55.0,1.6,18.8,0.0,16.8,0.0
1393,淡水區,濱海路一段111巷口(西側),25.18928,121.43945,29.0,2.2,10.3,0.0,7.8,0.3
1394,淡水區,濱海路一段306巷60弄,25.19157,121.44198,14.0,3.4,5.9,0.0,0.0,7.9
1395,淡水區,濱海路一段306巷9弄,25.191,121.43858,15.0,1.9,6.8,0.0,4.7,0.6
1396,淡水區,濱海路一段370號,25.18962,121.43942,22.0,1.0,6.6,0.0,4.6,0.4
1397,淡水區,濱海路二段/濱海路二段202巷,25.19015,121.4347,15.0,2.6,7.0,0.0,4.0,1.3
1398,淡水區,濱海路二段202巷,25.19162,121.43477,15.0,3.6,5.5,0.0,0.0,2.5
1399,淡水區,程氏古厝,25.18921,121.42902,15.0,1.4,7.6,0.0,5.6,0.1
1400,淡水區,竹圍公園,25.13823,121.4634,26.0,9.7,11.1,0.0,0.0,9.5
1401,淡水區,竹圍國小,25.14638,121.45989,28.0,0.9,10.4,0.0,8.4,0.1
1402,淡水區,竿蓁市民活動中心,25.16504,121.45069,25.0,4.4,13.4,0.0,8.4,0.8
1403,淡水區,美麗新淡海影城,25.19783,121.43878,41.0,2.8,16.3,0.0,13.1,0.1
1404,淡水區,義山新市一路口,25.18623,121.43736,25.0,2.6,10.6,0.0,7.6,0.7
1405,淡水區,聖約翰科技大學,25.2275,121.45166,30.0,0.3,10.5,0.0,8.5,0.1
1406,淡水區,臺北海洋科技大學,25.1912,121.42746,34.0,5.5,12.2,0.0,5.8,0.1
1407,淡水區,衛教公園,25.17254,121.4407,14.0,1.4,4.7,0.0,2.7,4.7
1408,淡水區,輕軌崁頂站,25.20125,121.43502,16.0,0.5,7.1,0.0,5.1,0.0
1409,淡水區,輕軌崁頂站(西側),25.20153,121.43419,22.0,1.9,10.3,0.0,8.2,0.0
1410,淡水區,輕軌新市一路站,25.18345,121.44837,25.0,4.1,11.9,0.0,7.2,2.7
1411,淡水區,輕軌沙崙站,25.18741,121.41696,36.0,1.2,11.6,0.0,9.6,0.0
1412,淡水區,輕軌淡水行政中心站,25.18916,121.44435,48.0,1.7,12.2,0.0,10.2,0.0
1413,淡水區,輕軌淡江大學站,25.17653,121.45613,40.0,10.4,13.6,0.0,0.0,5.8
1414,淡水區,輕軌淡海新市鎮站,25.19623,121.43286,25.0,3.5,10.1,0.0,6.1,0.0
1415,淡水區,輕軌淡金北新站,25.1808,121.45245,45.0,4.0,18.5,0.0,13.9,0.4
1416,淡水區,輕軌淡金鄧公站,25.16874,121.45936,24.0,0.3,9.9,0.0,7.9,0.1
1417,淡水區,輕軌漁人碼頭站,25.18209,121.41911,61.0,3.3,22.5,0.0,18.7,0.0
1418,淡水區,輕軌濱海沙崙站,25.19039,121.43106,35.0,7.9,19.2,0.0,10.1,0.0
1419,淡水區,輕軌濱海義山站(西南側),25.18961,121.43734,30.0,7.5,14.9,0.0,0.0,0.0
1420,淡水區,輕軌竿蓁林站,25.16206,121.45607,10.0,4.3,5.1,0.0,0.0,11.2
1421,淡水區,輕軌紅樹林站,25.155052,121.45887,48.0,5.7,19.0,0.0,12.4,0.0
1422,淡水區,鄧公路30巷,25.16979,121.45241,15.0,9.4,5.0,5.8,0.0,16.4
1423,深坑區,埔新街61巷口,25.00241,121.61987,15.0,1.4,7.0,0.0,5.0,0.8
1424,深坑區,東南科技大學,25.0033,121.6025,18.0,1.0,9.9,0.0,7.9,0.0
1425,深坑區,深坑區公所(深坑老街),25.0015,121.61631,30.0,1.1,9.0,0.0,7.0,1.3
1426,深坑區,深坑國中,25.00167,121.61889,13.0,2.0,5.1,0.0,2.7,6.8
1427,深坑區,深坑松柏街,25.01096,121.63852,34.0,0.7,13.2,0.0,11.2,0.6
1428,深坑區,深坑雲鄉路,24.99988,121.62101,12.0,1.4,6.4,0.0,4.4,1.4
1429,烏來區,烏來公車總站,24.86652,121.55139,15.0,0.2,5.2,0.0,3.2,1.1
1430,烏來區,烏來老街,24.86493,121.55168,28.0,0.4,7.6,0.0,5.6,0.0
1431,瑞芳區,三貂嶺隧道(金字橋),25.06095,121.82316,30.0,0.6,11.3,0.0,9.3,0.4
1432,瑞芳區,水湳洞停車場,25.12221,121.86443,20.0,0.0,5.9,0.0,3.9,0.0
1433,瑞芳區,深澳漁港,25.12997,121.81857,30.0,0.4,8.0,0.0,6.0,0.0
1434,瑞芳區,深澳鐵道自行車八斗子站,25.13417,121.80548,15.0,0.3,7.7,0.0,5.7,0.0
1435,瑞芳區,猴硐火車站,25.08647,121.82719,60.0,1.5,19.7,0.0,17.7,0.1
1436,瑞芳區,瑞峰橋,25.10712,121.81041,44.0,4.7,13.1,0.0,7.7,4.9
1437,瑞芳區,瑞芳棒球場,25.10666,121.81884,25.0,1.3,11.6,0.0,9.6,0.0
1438,瑞芳區,瑞芳火車站,25.10851,121.8065,28.0,1.8,9.9,0.0,7.9,0.0
1439,瑞芳區,瑞芳運動公園,25.10284,121.82177,12.0,0.8,5.0,0.0,3.0,0.6
1440,石碇區,淡蘭吊橋,25.0057,121.65159,14.0,0.2,8.4,0.0,6.4,0.0
1441,石碇區,烏塗窟聚福宮,24.97551,121.6562,15.0,0.2,5.3,0.0,3.3,4.9
1442,石碇區,石碇,24.99139,121.65891,23.0,0.2,6.4,0.0,4.4,0.1
1443,石碇區,石碇高中,25.01217,121.64372,18.0,0.0,4.3,0.0,2.3,0.0
1444,石門區,富基漁港,25.29301,121.53624,26.0,0.1,5.4,0.0,3.4,0.0
1445,石門區,白沙灣,25.28549,121.52209,56.0,0.1,8.1,0.0,6.1,0.0
1446,石門區,石門婚紗廣場,25.28747,121.53101,17.0,0.2,5.8,0.0,3.8,0.0
1447,石門區,石門風箏公園停車場,25.290157,121.54766,25.0,0.2,6.7,0.0,4.7,0.1
1448,石門區,草里,25.2807,121.60759,20.0,0.1,6.5,0.0,4.5,0.0
1449,萬里區,大鵬停車場,25.21194,121.64711,15.0,0.4,6.6,0.0,4.6,0.0
1450,萬里區,獅子公園,25.17489,121.70565,20.0,0.5,5.9,0.0,3.9,0.0
1451,萬里區,翡翠灣,25.18676,121.68353,38.0,0.9,9.6,0.0,7.6,0.0
1452,萬里區,翡翠灣停車場,25.19117,121.68493,54.0,0.4,10.0,0.0,8.0,0.0
1453,萬里區,萬里區行政中心,25.17811,121.68907,13.0,0.6,6.9,0.0,4.9,0.0
1454,萬里區,野柳地質公園,25.20428,121.69042,60.0,0.4,8.8,0.0,6.8,0.8
1455,萬里區,龜吼停車場,25.1956,121.68602,11.0,0.1,4.7,0.0,2.7,0.0
1456,蘆洲區,三民中山一路口,25.08223,121.476,29.0,6.8,9.4,0.0,0.0,9.5
1457,蘆洲區,三民民族路口,25.08367,121.47494,40.0,6.1,18.2,0.0,11.2,1.0
1458,蘆洲區,三民長榮路口,25.09328,121.4616,15.0,7.0,6.0,2.1,0.0,17.4
1459,蘆洲區,三民高中(民權路),25.08802,121.47393,45.0,6.9,8.5,0.0,0.0,20.5
1460,蘆洲區,中山一和平路口,25.07919,121.47162,18.0,8.2,8.9,0.5,0.0,12.4
1461,蘆洲區,中山二永安南路口,25.07744,121.46868,14.0,2.3,6.9,0.0,4.2,0.0
1462,蘆洲區,中興復興路口,25.09016,121.48182,12.0,7.5,6.7,1.9,0.0,8.6
1463,蘆洲區,九芎街90巷口,25.08024,121.46567,15.0,5.6,5.0,1.4,0.0,19.6
1464,蘆洲區,仁愛廣場,25.09057,121.47162,44.0,22.7,26.3,0.0,0.0,10.5
1465,蘆洲區,仁愛街70巷口,25.09398,121.47126,32.0,17.6,9.2,11.1,0.0,19.9
1466,蘆洲區,光華長榮路口,25.08188,121.46407,16.0,5.8,6.6,0.2,0.0,15.8
1467,蘆洲區,國立空中大學(中正路174巷口),25.08782,121.4672,15.0,5.5,8.2,0.0,0.0,0.4
1468,蘆洲區,國道路二段88號,25.07455,121.47198,17.0,2.8,7.9,0.0,4.7,0.0
1469,蘆洲區,彩虹兒童公園,25.08871,121.4646,22.0,4.9,9.2,0.0,0.0,4.1
1470,蘆洲區,捷運三民高中站(1號出口),25.08582,121.47272,12.0,0.0,0.0,0.0,0.0,100.0
1471,蘆洲區,捷運三民高中站(2號出口),25.08577,121.47374,55.0,25.7,22.0,7.6,0.0,1.7
1472,蘆洲區,捷運徐匯中學站(1號出口),25.080313,121.47994,38.0,11.9,12.4,1.3,0.0,0.0
1473,蘆洲區,捷運蘆洲站,25.09164,121.46403,92.0,33.7,45.0,0.0,0.0,0.0
1474,蘆洲區,捷運蘆洲站(1號出口),25.09113,121.4651,48.0,26.9,34.2,0.0,0.0,0.0
1475,蘆洲區,捷運蘆洲站(蘆洲捷運公園),25.09165,121.46358,19.0,4.0,6.6,0.0,0.0,0.1
1476,蘆洲區,普庵寺,25.08801,121.48214,23.0,10.5,14.3,0.0,0.0,1.7
1477,蘆洲區,林建生紀念圖書館,25.08843,121.46988,37.0,9.6,16.2,0.0,0.0,5.6
1478,蘆洲區,柳堤公園,25.08799,121.46219,41.0,14.1,16.6,0.0,0.0,9.3
1479,蘆洲區,正和中正路口,25.08287,121.47059,12.0,4.5,3.7,1.4,0.0,13.0
1480,蘆洲區,民族路257巷/民族路327巷,25.09021,121.47515,39.0,11.6,15.3,0.0,0.0,7.9
1481,蘆洲區,民族路314巷口,25.0902,121.47707,14.0,6.4,5.6,1.8,0.0,18.1
1482,蘆洲區,水河里活動中心,25.09345,121.47448,31.0,8.8,13.9,0.0,0.0,3.8
1483,蘆洲區,永安兒童公園,25.08227,121.48224,40.0,13.3,14.8,0.5,0.0,0.1
1484,蘆洲區,永安南路九芎街71巷口,25.07756,121.46607,29.0,3.9,10.5,0.0,6.0,3.8
1485,蘆洲區,永安南路二段16巷口,25.07702,121.46765,10.0,2.5,4.2,0.0,0.0,4.5
1486,蘆洲區,永安圖書館,25.0786,121.46223,31.0,4.2,10.9,0.0,6.1,2.5
1487,蘆洲區,永安長安街131巷口,25.08033,121.4596,14.0,2.8,5.4,0.0,0.0,4.5
1488,蘆洲區,永平公園,25.08999,121.45942,26.0,9.0,8.4,1.9,0.0,10.5
1489,蘆洲區,永平公園(東南側),25.08985,121.45909,21.0,7.7,7.5,1.3,0.0,15.5
1490,蘆洲區,永康公園,25.08492,121.45821,39.0,17.0,15.8,3.7,0.0,7.2
1491,蘆洲區,溪墘公園,25.07997,121.47621,36.0,20.4,28.3,0.0,0.0,5.1
1492,蘆洲區,蘆洲三民公園,25.09431,121.46013,33.0,6.1,13.2,0.0,6.2,1.6
1493,蘆洲區,蘆洲中原公園,25.08332,121.46389,45.0,12.0,17.0,0.0,0.0,5.1
1494,蘆洲區,蘆洲中山立體停車場,25.08355,121.47325,15.0,3.6,5.8,0.0,0.0,3.2
1495,蘆洲區,蘆洲中路公園,25.0818,121.46822,49.0,14.0,17.1,0.0,0.0,12.1
1496,蘆洲區,蘆洲仁愛國小(水湳街),25.09209,121.46947,16.0,7.1,5.9,2.2,0.0,10.6
1497,蘆洲區,蘆洲兒五公園,25.08858,121.48056,19.0,9.4,9.6,1.2,0.0,13.0
1498,蘆洲區,蘆洲兒四公園,25.08871,121.47625,17.0,7.9,6.9,2.1,0.0,14.5
1499,蘆洲區,蘆洲國民運動中心,25.09195,121.46161,55.0,8.1,15.9,0.0,0.0,2.1
1500,蘆洲區,蘆洲延平派出所,25.08162,121.46162,38.0,11.8,12.9,0.7,0.0,10.2
1501,蘆洲區,蘆洲李宅古蹟,25.08496,121.46655,30.0,9.8,10.3,0.9,0.0,10.3
1502,蘆洲區,蘆洲環河公園,25.09516,121.46046,16.0,0.3,6.2,0.0,4.2,0.0
1503,蘆洲區,蘆洲重陽大樓,25.08506,121.48189,28.0,5.9,10.9,0.0,0.0,3.7
1504,蘆洲區,蘆洲鷺江停車場,25.08619,121.47693,12.0,3.8,4.8,0.0,0.0,20.2
1505,蘆洲區,重陽公園,25.0857,121.484,41.0,17.4,22.8,0.0,0.0,11.4
1506,蘆洲區,長榮路211巷口,25.08478,121.46108,17.0,5.4,7.2,0.0,0.0,8.6
1507,蘆洲區,長興光華路186巷口,25.08285,121.46429,13.0,2.6,5.5,0.0,2.5,6.2
1508,蘆洲區,鴨母港停車場,25.08283,121.45584,14.0,1.4,4.9,0.0,2.9,3.7
1509,蘆洲區,鴨母港抽水站,25.08294,121.45673,30.0,7.3,12.1,0.0,0.0,0.3
1510,蘆洲區,鷺江國中(長興路298巷),25.09005,121.46106,15.0,7.3,4.9,3.4,0.0,13.4
1511,蘆洲區,鷺江廣場,25.08562,121.47769,32.0,7.9,11.5,0.0,0.0,10.6
1512,貢寮區,澳底公園,25.05349,121.92559,20.0,0.4,8.0,0.0,6.0,0.1
1513,貢寮區,貢寮區公所,25.02088,121.90614,20.0,0.4,6.5,0.0,4.5,0.0
1514,貢寮區,龍門運動公園,25.02706,121.93129,20.0,0.3,8.7,0.0,6.7,0.0
1515,金山區,中山溫泉公園,25.22108,121.64177,30.0,0.3,9.6,0.0,7.6,0.0
1516,金山區,中山環金路口,25.21794,121.6414,30.0,0.4,9.7,0.0,7.7,0.6
1517,金山區,中角灣,25.239,121.63234,28.0,0.2,7.8,0.0,5.8,0.0
1518,金山區,臺大醫院金山分院,25.21974,121.62916,16.0,1.3,7.4,0.0,5.4,0.3
1519,金山區,金山八德街,25.22365,121.63469,24.0,0.4,8.4,0.0,6.4,22.0
1520,金山區,金山立體停車場(中興路),25.22043,121.64169,15.0,0.2,7.0,0.0,5.0,0.0
1521,金山區,金美國小,25.21973,121.63633,20.0,1.2,8.8,0.0,6.8,0.3
1522,雙溪區,牡丹車站,25.059023,121.85187,60.0,3.1,33.6,0.0,30.0,0.7
1523,雙溪區,雙溪車站,25.03914,121.8665,55.0,0.8,16.6,0.0,14.6,0.0
1524,鶯歌區,三鶯水資源回收中心,24.95535,121.35996,14.0,0.5,6.8,0.0,4.8,0.0
1525,鶯歌區,中正一仁愛路口,24.95672,121.3532,15.0,2.0,5.4,0.0,3.1,3.1
1526,鶯歌區,中湖市民活動中心,24.97285,121.34721,20.0,0.7,9.1,0.0,7.1,0.0
1527,鶯歌區,二橋派出所,24.94216,121.33884,11.0,2.9,5.0,0.0,0.0,2.4
1528,鶯歌區,二橋虹橋公園,24.93453,121.32595,10.0,0.9,4.7,0.0,2.7,0.0
1529,鶯歌區,光明橋,24.95577,121.34128,14.0,2.9,3.9,0.0,0.0,5.2
1530,鶯歌區,光明育智路口,24.95587,121.3456,14.0,3.5,6.2,0.0,0.0,1.3
1531,鶯歌區,公八停車場,24.95515,121.34285,15.0,1.4,4.2,0.0,2.2,48.0
1532,鶯歌區,北鶯停車場,24.95567,121.35992,20.0,0.4,9.7,0.0,7.7,0.1
1533,鶯歌區,北鶯公園,24.95777,121.35942,15.0,3.2,7.7,0.0,4.0,0.7
1534,鶯歌區,南雅育智路口,24.954,121.346,22.0,5.3,10.2,0.0,0.0,1.1
1535,鶯歌區,國中二甲路口,24.93949,121.338684,20.0,3.0,10.7,0.0,7.2,0.7
1536,鶯歌區,國中高職東街口,24.94117,121.34116,15.0,2.3,3.9,0.0,0.0,4.8
1537,鶯歌區,國際一路112巷口,24.97667,121.33579,15.0,2.3,7.0,0.0,4.4,1.3
1538,鶯歌區,國際二國際一路口,24.97577,121.3353,20.0,2.2,9.2,0.0,6.7,1.6
1539,鶯歌區,尖山公園,24.9482,121.346,29.0,5.1,12.2,0.0,6.4,0.7
1540,鶯歌區,尖山國中,24.94381,121.34207,20.0,2.5,8.6,0.0,5.7,0.6
1541,鶯歌區,尖山路高厝巷口,24.94495,121.34102,15.0,2.3,5.2,0.0,2.5,2.8
1542,鶯歌區,建國中正一路口(北鶯社區),24.95658,121.35692,20.0,0.7,7.7,0.0,5.7,0.3
1543,鶯歌區,建國國小,24.95521,121.34727,15.0,1.9,4.8,0.0,2.7,3.0
1544,鶯歌區,捷運國華站,24.95535,121.34251,24.0,0.0,5.0,0.0,3.0,0.0
1545,鶯歌區,捷運國華站(2號出口),24.95374,121.34301,60.0,0.0,23.0,0.0,21.0,0.0
1546,鶯歌區,捷運永吉公園站,24.96048,121.33476,47.0,0.0,13.0,0.0,11.0,0.0
1547,鶯歌區,捷運陶瓷老街站,24.95212,121.35065,36.0,0.0,15.0,0.0,13.0,0.0
1548,鶯歌區,捷運鶯桃福德站,24.96704,121.33044,75.0,0.0,12.0,0.0,10.0,0.0
1549,鶯歌區,捷運鶯歌車站,24.95322,121.35668,34.0,0.1,25.0,0.0,23.0,0.0
1550,鶯歌區,文化館前路口,24.94948,121.35291,44.0,1.7,14.8,0.0,12.8,0.0
1551,鶯歌區,新北市立圖書館鶯歌分館,24.9572,121.34946,20.0,3.0,5.6,0.0,0.0,7.9
1552,鶯歌區,新北市立鶯歌高級工商職業學校,24.93923,121.33488,56.0,3.7,9.7,0.0,5.5,0.0
1553,鶯歌區,新鳳公園,24.9732,121.32474,14.0,4.1,4.3,0.4,0.0,6.9
1554,鶯歌區,永吉國小,24.95865,121.33308,20.0,2.8,7.4,0.0,4.2,2.1
1555,鶯歌區,永和街65巷口,24.96798,121.33314,37.0,4.9,14.2,0.0,8.6,0.4
1556,鶯歌區,永昌里兒一公園,24.95665,121.3396,20.0,2.9,7.1,0.0,3.8,3.2
1557,鶯歌區,礫間停車場,24.9518,121.35445,20.0,0.6,8.4,0.0,6.4,0.0
1558,鶯歌區,育英建國路口,24.95356,121.34693,12.0,3.9,5.5,0.0,0.0,7.8
1559,鶯歌區,臺鐵鳳鳴站,24.97227,121.33674,40.0,35.0,32.5,7.7,0.0,0.3
1560,鶯歌區,臺鐵鳳鳴站(鶯歌路),24.97189,121.33651,20.0,3.3,6.1,0.0,0.0,0.6
1561,鶯歌區,鳳一鳳吉一街口,24.97677,121.3317,20.0,3.4,6.6,0.0,0.0,5.1
1562,鶯歌區,鳳七鶯歌路口,24.96916,121.33193,11.0,2.2,4.2,0.0,0.0,5.4
1563,鶯歌區,鳳三龍七路口,24.97204,121.33467,18.0,1.5,5.7,0.0,3.7,1.1
1564,鶯歌區,鳳五路122號前,24.97316,121.32991,18.0,4.4,4.5,0.6,0.0,15.8
1565,鶯歌區,鳳吉四鳳七路口(捷士匯社區),24.97383,121.32769,40.0,9.2,14.7,0.0,0.0,4.4
1566,鶯歌區,鳳祥公園,24.96283,121.33025,20.0,3.1,11.1,0.0,7.6,0.0
1567,鶯歌區,鳳福公園,24.97572,121.32938,20.0,5.4,9.9,0.0,0.0,3.0
1568,鶯歌區,鳳福鳳三路口,24.97567,121.33143,22.0,5.9,8.4,0.0,0.0,6.6
1569,鶯歌區,鳳鳴國小,24.9692,121.3347,20.0,2.1,6.5,0.0,4.1,2.0
1570,鶯歌區,鳳鳴機器人公園,24.96618,121.33465,17.0,3.2,7.4,0.0,3.7,4.0
1571,鶯歌區,鶯歌國中,24.95119,121.34256,30.0,4.4,10.7,0.0,5.6,0.0
1572,鶯歌區,鶯歌國民運動中心,24.95139,121.35733,38.0,3.0,14.8,0.0,11.4,0.3
1573,鶯歌區,鶯歌永利街,24.95495,121.33911,15.0,3.4,5.7,0.0,0.0,3.4
1574,鶯歌區,鶯歌火車站(仁愛路),24.95559,121.35441,59.0,9.5,23.7,0.0,12.7,0.0
1575,鶯歌區,鶯歌火車站(仁愛路62號),24.95505,121.35407,42.0,4.7,16.1,0.0,10.7,0.0
1576,鶯歌區,鶯歌火車站(文化路),24.95536,121.35697,25.0,2.9,8.3,0.0,4.9,0.7
1577,鶯歌區,鶯歌老街第二停車場,24.94895,121.34227,20.0,1.5,8.9,0.0,6.9,0.0
1578,鶯歌區,鶯歌陶瓷博物館,24.95012,121.35245,22.0,3.1,9.6,0.0,6.0,0.0
1579,鶯歌區,鶯歌陶瓷老街,24.95219,121.351,33.0,4.8,14.3,0.0,8.7,0.4
1580,鶯歌區,龍三鳳鳴路口,24.97286,121.33137,18.0,7.5,5.6,3.0,0.0,14.7
1581,鶯歌區,龍五鳳七路口,24.97043,121.33101,30.0,7.1,9.9,0.0,0.0,5.6
1582,鶯歌區,龍鳳夜市,24.97329,121.33331,30.0,3.8,10.4,0.0,6.1,2.4
